{"noiseKey":{"private":{"type":"Buffer","data":"IBWW7Xq17WWEYJCznUUSm33DfHOWvkcg7hrjVzll/HM="},"public":{"type":"Buffer","data":"9gZIvSLCYtSqupEuKWihqOUqVP6mjv12lsDtkkxtXEQ="}},"pairingEphemeralKeyPair":{"private":{"type":"Buffer","data":"OCMlDKaXOPwDj6SbfdnAZCT1d0PhLExQWbLo3+35Y0w="},"public":{"type":"Buffer","data":"AkDZEUBlF0I7OIDBk1SC/ptMFB2RbC0aCVKKasSecT4="}},"signedIdentityKey":{"private":{"type":"Buffer","data":"uJFFn00lW83+HjlZTTUUtOCHoah5gVBT3Y2t/cxOzUU="},"public":{"type":"Buffer","data":"g/CHwCwvEUqxBHNx2nabM8IlXEdoaa9iq3flUuqn7w8="}},"signedPreKey":{"keyPair":{"private":{"type":"Buffer","data":"AAFEt3FtiZhfGvQfIj2Dh4l/6T+242wyxp4JmHgxV0Q="},"public":{"type":"Buffer","data":"DaGaVzUUDOOuvRtnhLQtlfYMwgni89e4B7cTBJNLvWk="}},"signature":{"type":"Buffer","data":"83/3dlbx1Vg1oIwEeH23RtAvKDjD45dwrXf3TLql76CvrQCb8PK2dyO8YlF2bGeMnmlroRRizPtvD0FsgOS0iw=="},"keyId":1},"registrationId":13,"advSecretKey":"x+/rT3866eB9A7TnXMYE+nGLr0OPrpJtz6qQ6ZQN8Qc=","processedHistoryMessages":[{"key":{"remoteJid":"6282176236136@s.whatsapp.net","fromMe":true,"id":"D55FD22E0F5C3C348D6C3BB265FB4A43"},"messageTimestamp":1720369155},{"key":{"remoteJid":"6282176236136@s.whatsapp.net","fromMe":true,"id":"62208B583D91247674525E89C52DBB6A"},"messageTimestamp":1720369155},{"key":{"remoteJid":"6282176236136@s.whatsapp.net","fromMe":true,"id":"5A3504DD626BCF92EA7946C704BBF39E"},"messageTimestamp":1720369157},{"key":{"remoteJid":"6282176236136@s.whatsapp.net","fromMe":true,"id":"04F74ED3C17C03C48E88AF0A940F3E3F"},"messageTimestamp":1720369158}],"nextPreKeyId":1812,"firstUnuploadedPreKeyId":1812,"accountSyncCounter":1,"accountSettings":{"unarchiveChats":false},"deviceId":"uMdQ8t1_Q2GdFRmd8Zq7pA","phoneId":"b9449f8e-08a7-4340-b97e-94068486a64c","identityId":{"type":"Buffer","data":"/X59AH2SnJSnowEHCpxP5nLGYdM="},"registered":true,"backupToken":{"type":"Buffer","data":"8bLQVf6uXgzvBxXgJKnsbi7qBaw="},"registration":{},"pairingCode":"67GJVXTA","me":{"id":"6282176236136:24@s.whatsapp.net","lid":"209826785308802:24@lid","name":"s k y d w a y_"},"account":{"details":"CKCx5oUDEP//qrQGGAEgACgA","accountSignatureKey":"jEniMv7zThJgh2g7WFZOAwzxRVeBY2Brg1azKKas3Ao=","accountSignature":"EJek+HDmMg6qJgrcSDKZQsKaw9fdjhUyXrk8Mf4miAV7uzvnGLvn7bJ70j/WblmJPMH8JA+GGqbXjEUMuuZgDQ==","deviceSignature":"sWbwGTAkTpG7ep7qebfIZUN6C6B7SukiIuk70MF4SJjhoMUiGzQRr60hanzQ3CxYMbPeuTWFjN18JfQwGMbkjw=="},"signalIdentities":[{"identifier":{"name":"6282176236136:24@s.whatsapp.net","deviceId":0},"identifierKey":{"type":"Buffer","data":"BYxJ4jL+804SYIdoO1hWTgMM8UVXgWNga4NWsyimrNwK"}}],"platform":"android","lastAccountSyncTimestamp":1721227165,"myAppStateKeyId":"AAAAAHU3"}