{"noiseKey":{"private":{"type":"Buffer","data":"OB12WmcH5mzOQuLy/K7/6ol/9smMEAcsBEPP0z2ZSH4="},"public":{"type":"Buffer","data":"QRb5D0ZxHx4wfF0wyCbRN2mMFaWk5RICx6UshnFBNEA="}},"pairingEphemeralKeyPair":{"private":{"type":"Buffer","data":"qPE38VyA0B35VJIwOeBQr4SxmIrzgOb6YfN/+e2yIHA="},"public":{"type":"Buffer","data":"aMBkatUiDI7VmURQiqn3r82vrOmcB06NTLThRtoycz0="}},"signedIdentityKey":{"private":{"type":"Buffer","data":"oGik5/9sv3oLVznddeHAAXI+ZS0qR7FO5K1SLdbsJHI="},"public":{"type":"Buffer","data":"RAn8c7S4ahdUq5vyx+dpNHuITfvSJFGJbAxd9v7jQ00="}},"signedPreKey":{"keyPair":{"private":{"type":"Buffer","data":"YHk3pTTTmWsChwy8BTkhiWlGc6u2OfzJlQB077Lu7mU="},"public":{"type":"Buffer","data":"s6cj0zvD0kmp7AXKTGkPXTdABpFV8qQ7dl8oDSdyMD4="}},"signature":{"type":"Buffer","data":"KTEPxb/XOd6dQNjgabgcv2TnCEIdaayKhvJj1EJfQBfSpleK/LzjL+M0d9NeiH3hEpRk8k2BKYh6u5jRuW8thA=="},"keyId":1},"registrationId":144,"advSecretKey":"adEmaheE9CiMFys3rbNF3J6yC7+X8Cv/0bIKxnQxsyg=","processedHistoryMessages":[{"key":{"remoteJid":"6282176236136@s.whatsapp.net","fromMe":true,"id":"8F0AC3BFD2C2634D3BE33C0E8AF32687"},"messageTimestamp":1721388908},{"key":{"remoteJid":"6282176236136@s.whatsapp.net","fromMe":true,"id":"735B6F1C73B6980DA646FAD62174C440"},"messageTimestamp":1721388908},{"key":{"remoteJid":"6282176236136@s.whatsapp.net","fromMe":true,"id":"2EE45E766B1ABA48743566E47744FA7B"},"messageTimestamp":1721388909},{"key":{"remoteJid":"6282176236136@s.whatsapp.net","fromMe":true,"id":"E83EFE50B3C17752AE5D852274C87072"},"messageTimestamp":1721388909}],"nextPreKeyId":100,"firstUnuploadedPreKeyId":100,"accountSyncCounter":1,"accountSettings":{"unarchiveChats":false},"deviceId":"UAu4j9UmSPiDnoSA3CQ15w","phoneId":"b9571b38-7cc7-41b3-ab6e-7b5a530629d9","identityId":{"type":"Buffer","data":"nwiQNlpeBzjLVxJbjvkO/ZoWYCc="},"registered":true,"backupToken":{"type":"Buffer","data":"JIWlH4VMTo0b/vaU2Fru2R3NXG8="},"registration":{},"pairingCode":"1234P5TK","me":{"id":"6282176236136:25@s.whatsapp.net","lid":"209826785308802:25@lid","name":"s k y d e n i g h t -"},"account":{"details":"CKy90qYCEOie6bQGGAEgACgA","accountSignatureKey":"4yp9U3oJjMEiAjdUPdl4rjd3Hita//Xi9n+bO9WFo0o=","accountSignature":"APFGXchDcCNmBtYXTlKIRxQUVduQnfApmje/LNUCo04hGqf8etqiD9895jfEe01IM8F4V8E5k3sbc2g8LR29Cg==","deviceSignature":"B+R6F0u4s8K9eJ3NpfhcIvSCJxTur98E1wMQ+gOH6wMiciorrRIyrK+ffIz5e75j9aVg4ZO2bnvicHBjWYdehQ=="},"signalIdentities":[{"identifier":{"name":"6282176236136:25@s.whatsapp.net","deviceId":0},"identifierKey":{"type":"Buffer","data":"BeMqfVN6CYzBIgI3VD3ZeK43dx4rWv/14vZ/mzvVhaNK"}}],"platform":"android","lastAccountSyncTimestamp":1721403118,"myAppStateKeyId":"AAAAAK5t"}