[{"senderKeyId":1404876603,"senderChainKey":{"iteration":23,"seed":"K+c4AwKTHGmFYFNpJNnE8WoE6seEhkf0tk0bzvUqb1A="},"senderSigningKey":{"public":"BdtGZfhzxFez5fON9KPRaOFc57e4PhWL7XlUsa1hWhQ+","private":"WJGlwirl3kV/haWD9LX2bt2bMsw76CCL7tvYHo7ff2U="},"senderMessageKeys":[{"iteration":1,"seed":"cfWJSUKadrFYnF2qxqXDBJIRn8DqDj6MX28qnfnyAkM="},{"iteration":3,"seed":"WUYTqCye6AAhGbFBccUHbPJu1VzI5LVrG6KF164gPrg="},{"iteration":5,"seed":"ww+NDf0uIUcvrtz/Jm07CFuiYZKO9F5RXz2QTZUZT2E="},{"iteration":7,"seed":"tdGvnEdY+iJoavcxKgI1RMiZBa3Gi8sLYmMjTSS+0Cg="},{"iteration":9,"seed":"9BWBPFX5leBGvJNCb/zae1i15GBGpI+4oowJCxk57Iw="},{"iteration":11,"seed":"0dYZpoUrunnyBacO1AAtcca893msLVAHGIYPscPIPpU="},{"iteration":13,"seed":"lTd8kM+yQYxU1ij/dmiiVb7MncTBVUt1JbmklKk2/V0="},{"iteration":15,"seed":"2PgZtHMAkGQhIp801ssFTV+1gB9nlYaZG7ar92tG3BI="},{"iteration":17,"seed":"3gsTy5BQ1ksvt2TAKae+f6RLqmtRNIN5nW14RVw3CsU="},{"iteration":19,"seed":"LwkZ96T6F4UcdmEvE4phmqV0dGNzcqQAbaMzQSZfRX0="},{"iteration":21,"seed":"rAWH898IHPjVBHNCb11JW6U13NDwVob4lsGITUqlBeg="}]}]