[{"senderKeyId":700726563,"senderChainKey":{"iteration":761,"seed":"Y1vJ9zKMCwc53yUPWmAlz5ySvT/m62h5Htg1Oce2Y4k="},"senderSigningKey":{"public":"BbjT6p87VK0Bhnl7K4D3TOEqgKv3VEuwDeUbgLMHNkpJ"},"senderMessageKeys":[{"iteration":687,"seed":"HZn/pQ5i3zvx0iEsyMR2DjBxFIwb8SeS4pAP1vsdl0c="},{},{},{},{},{},{},{},{},{},{},{},{},{},{},{},{},{},{},{},{},{},{},{},{},{},{},{},{},{},{},{},{},{},{},{},{}]},{"senderKeyId":700726563,"senderChainKey":{"iteration":717,"seed":"5Fv3oT7f8mbwpQqfXbLqHuTHi8nmMt95kVl2bcqDgSc="},"senderSigningKey":{"public":"BbjT6p87VK0Bhnl7K4D3TOEqgKv3VEuwDeUbgLMHNkpJ"},"senderMessageKeys":[]},{"senderKeyId":700726563,"senderChainKey":{"iteration":735,"seed":"DazpjCmL7nN3RVvNQ2CRfyFohGUIcpTTytCWrY1GEGo="},"senderSigningKey":{"public":"BbjT6p87VK0Bhnl7K4D3TOEqgKv3VEuwDeUbgLMHNkpJ"},"senderMessageKeys":[]},{"senderKeyId":700726563,"senderChainKey":{"iteration":753,"seed":"s3PEqIwF/C9mpDde+hB7FPZTIylKfy83SIdgzp+TEl8="},"senderSigningKey":{"public":"BbjT6p87VK0Bhnl7K4D3TOEqgKv3VEuwDeUbgLMHNkpJ"}}]