[{"senderKeyId":1426457132,"senderChainKey":{"iteration":233,"seed":"+ljWDPb5rSbfjSxjNUdpl7Z7+rIoZQ31TPndx4imTak="},"senderSigningKey":{"public":"Bc96oCd/bNnUz7qeMgY12UTloYgV702jrPE1m0jAAR4c"},"senderMessageKeys":[{"iteration":1,"seed":"h64ZoHNOVPDf0+SC4jqLCAQX8RqiuatSvs/8S03E04I="},{"iteration":3,"seed":"Z9XeDS9Ly3dEfTpnUo/BXRttVK0YnCqDYG4FI9b/Ubg="},{"iteration":5,"seed":"ke0Xskm0PfPc1SIHMs1t224ZylOhkudngeI7AwykKUc="},{"iteration":7,"seed":"E3gU7ouLErl5j4Fbi1alw7Fq4GgNVgSOYxEFy2frP8I="},{"iteration":9,"seed":"F1/UOwGUZvqsENVDoOdMxGqDtJNHhzWJipCXI43GCPo="},{"iteration":11,"seed":"DP/Rh3SQTwhdd024DC6abZfiae5ZudcGzoMCBMrxHmo="},{"iteration":13,"seed":"lq5Dany/U0ZrzSbWlXaLMO1NJD9MY0V3+8sRdm+/R3M="},{"iteration":15,"seed":"Xz3rMdqoOVk3M7MA89V1f3pJ/amV2xHZ7pMBrQDTXok="},{"iteration":17,"seed":"PTxBYaeX6i5GBpxQ72qST2MBRSJgXLllQ6i8GwdL/Rc="},{"iteration":19,"seed":"DKXzO0cx+f1/ROIzUy3E1v1FxYfgSqWTpxs6hEwvVRo="},{"iteration":21,"seed":"0gvvGK5/26IRyYgmrXOsd1rkPEA1W1SWuudjp488KLk="},{"iteration":23,"seed":"ZUmNQ4/Z9iWiO2wPph5xJTYWh+7PSIUPYVthsGQyCyM="},{"iteration":25,"seed":"lZLQ9b43J1Os0XooMXzHtvTziISCZXfWGCgkEiEMWwc="},{"iteration":27,"seed":"svdpF8aAV+hDHc3VYskOswvd27irQRo6v8dAU2nU8Nc="},{"iteration":29,"seed":"nDXaCB5YAbyg2ZiV+TM/o9VvRBEcSOo1T6yXLC4OzNo="},{"iteration":31,"seed":"cimEr1b8j9ivYITQ0uoQ98DwHiVwB+zEBf68k3Tqozc="},{"iteration":33,"seed":"3ge+2UahlwW6YEq1B31lo29I9U6Bs1wV2lJRRd+EBF0="},{},{},{},{},{},{},{},{},{},{},{},{},{},{},{},{},{},{},{},{},{},{},{},{},{},{},{},{},{},{},{},{},{},{},{},{},{},{},{},{},{},{},{},{},{},{},{},{},{},{},{},{},{},{},{},{},{},{},{},{},{},{},{},{},{},{},{},{},{},{},{},{},{},{},{},{},{},{},{},{},{},{},{},{},{},{},{},{},{},{},{},{},{},{},{},{},{},{},{}]},{"senderKeyId":1426457132,"senderChainKey":{"iteration":149,"seed":"ccPcN2DlWWhZDrJ23iVZ5g8zOv2vnBqoZkQo2d7C1e0="},"senderSigningKey":{"public":"Bc96oCd/bNnUz7qeMgY12UTloYgV702jrPE1m0jAAR4c"},"senderMessageKeys":[]},{"senderKeyId":1426457132,"senderChainKey":{"iteration":195,"seed":"HLhrSGuEcaq738cjbIKVn0M6Ofq8RMkLd953D8msCvo="},"senderSigningKey":{"public":"Bc96oCd/bNnUz7qeMgY12UTloYgV702jrPE1m0jAAR4c"},"senderMessageKeys":[]},{"senderKeyId":1426457132,"senderChainKey":{"iteration":225,"seed":"tBoGKGiM8xJ7Mve2Cga98NsHCd9BlriMBwX1Y1c0FBc="},"senderSigningKey":{"public":"Bc96oCd/bNnUz7qeMgY12UTloYgV702jrPE1m0jAAR4c"}},{"senderKeyId":1426457132,"senderChainKey":{"iteration":227,"seed":"/4dxpnPlYAL+VYZtqCGVkH0AB65IpXhnw/R4LQeiMfk="},"senderSigningKey":{"public":"Bc96oCd/bNnUz7qeMgY12UTloYgV702jrPE1m0jAAR4c"}}]