[{"senderKeyId":1395540395,"senderChainKey":{"iteration":1,"seed":"c54aK5jekDLYayRKB5XoJjFW8JaRy5/Uo08GQ3sHbUw="},"senderSigningKey":{"public":"Be40L7vWxNuKZJFf3Nb//IeW08/udgmwFi7dqtjja9QY"}},{"senderKeyId":25045697,"senderChainKey":{"iteration":7,"seed":"2WfecUmSddesFvrRhKZHgn/0aWOQcZLdqU3np+aQWB4="},"senderSigningKey":{"public":"BSStItdXGXOqqlP8rGYxyuzGflBujdtLIkjLeCT6tTsC"},"senderMessageKeys":[{"iteration":1,"seed":"dXor7AI9XbMtkWnufC6mK3QCW/GisrIu3CJivfontzs="},{"iteration":3,"seed":"Ml9BWmK4JTpir2miO22verca/lAUFLEJ+pXmHzQcvKc="},{"iteration":5,"seed":"OMgovs3MFQC/Qlak8RSUcdOvvH4tL8hxHCTlj0oeZGI="}]},{"senderKeyId":25045697,"senderChainKey":{"iteration":1,"seed":"u5JF+8qHk7M+IwtYXwVC+BLVSpiyrKcasjVAihbvQng="},"senderSigningKey":{"public":"BSStItdXGXOqqlP8rGYxyuzGflBujdtLIkjLeCT6tTsC"}},{"senderKeyId":25045697,"senderChainKey":{"iteration":3,"seed":"roI1Pk0JvY0wzhKUABZXBwh/3YSbsjdil0T9jghniBQ="},"senderSigningKey":{"public":"BSStItdXGXOqqlP8rGYxyuzGflBujdtLIkjLeCT6tTsC"}}]