{"_sessions":{"BQS3Zw2xqQLZNntpRcIc38Sd+XNcljDS+QvxF+2501dg":{"registrationId":893866553,"currentRatchet":{"ephemeralKeyPair":{"pubKey":"BTSLoH2yjPyZ1p7flTxMGAm3rIg9PQaqv/tIyVEkhyc7","privKey":"kEhqfFNdrfF9IyhxBQJwHB860UTMiAyEQq6X14s8wnA="},"lastRemoteEphemeralKey":"BSJeoiWl8A4AN0ZB43qQAGwwr1Gxezq+RNl2XLtdVVkw","previousCounter":0,"rootKey":"sLmGwgfbFOSu5Kx/Th9uj6+lvjMVuybd/T/e3mKqAYk="},"indexInfo":{"baseKey":"BQS3Zw2xqQLZNntpRcIc38Sd+XNcljDS+QvxF+2501dg","baseKeyType":1,"closed":-1,"used":1721227117158,"created":1721227117158,"remoteIdentityKey":"BefPRcDHfCq/utiR4ri1I7acqf9Pn71C/DjJqDxf3lAL"},"_chains":{"BTSLoH2yjPyZ1p7flTxMGAm3rIg9PQaqv/tIyVEkhyc7":{"chainKey":{"counter":0,"key":"Btrq7bsrjUD22UyKYVwxt0f3AB/VgIP0KUrabKqOWxA="},"chainType":1,"messageKeys":{}}},"pendingPreKey":{"signedKeyId":0,"baseKey":"BQS3Zw2xqQLZNntpRcIc38Sd+XNcljDS+QvxF+2501dg","preKeyId":11651042}}},"version":"v1"}