{"_sessions":{"BU02tff7S9tyfg5qge6lcs6k0LihlbspfDOx1ZTmIy0Y":{"registrationId":1979005939,"currentRatchet":{"ephemeralKeyPair":{"pubKey":"BfBBIJajubGOhi8lFl4QiQLoGVZNdQhQaXjWGOuEg0dk","privKey":"EA1VKvO0Tee7EOHcEdlgYYZPBGrQtZ+IXT1nQYbJZVc="},"lastRemoteEphemeralKey":"BQhT/il+2WARYl6s4qCQHwnft3VPbzQQQVhJyrMmkiss","previousCounter":0,"rootKey":"cAkFWCLJ+RNrHgPZ0Nr3H0zT/oZ2A7BAKV9wORAAaEU="},"indexInfo":{"baseKey":"BU02tff7S9tyfg5qge6lcs6k0LihlbspfDOx1ZTmIy0Y","baseKeyType":1,"closed":-1,"used":1721227117321,"created":1721227117321,"remoteIdentityKey":"BeY+/6nBrVWe8QuzCPhGK9wo4ar4C01KpAXmbuG8P5tN"},"_chains":{"BfBBIJajubGOhi8lFl4QiQLoGVZNdQhQaXjWGOuEg0dk":{"chainKey":{"counter":0,"key":"K5923/7RzeLRkqxlcSenSH1G5hefZvd79O0O06eqldw="},"chainType":1,"messageKeys":{}}},"pendingPreKey":{"signedKeyId":1,"baseKey":"BU02tff7S9tyfg5qge6lcs6k0LihlbspfDOx1ZTmIy0Y","preKeyId":15231011}}},"version":"v1"}