{"_sessions":{"BQ4QWTB1Z/QCuqXMCipDPd8vDY+H5JGSAfmMEHYO3Rl/":{"registrationId":38318789,"currentRatchet":{"ephemeralKeyPair":{"pubKey":"BaMI9B3oIvcP7RG+wykrA0DpjWdm9D1lsbUDpU6qXVQ4","privKey":"wMz6XjqlkAYwQ2u2vAruottE/8rpCVvXa+1Fi8ES2l0="},"lastRemoteEphemeralKey":"BW+dG4j5jJpgVqnRFZqmwIZj+lpRxrnagKwTOsvWW25o","previousCounter":0,"rootKey":"9+MZKFNtVViCjI2pNIyu20XSChO4b4NnCL6TqONYna8="},"indexInfo":{"baseKey":"BQ4QWTB1Z/QCuqXMCipDPd8vDY+H5JGSAfmMEHYO3Rl/","baseKeyType":1,"closed":-1,"used":1721227117336,"created":1721227117336,"remoteIdentityKey":"BTY2SvjzMNOPA3hgDphQFEezz4WnncWfK3+fM5UqAn9I"},"_chains":{"BaMI9B3oIvcP7RG+wykrA0DpjWdm9D1lsbUDpU6qXVQ4":{"chainKey":{"counter":0,"key":"lvk8qrB2w4UPycRkQiM/S2IVXHyteSW2uGCzsfUHhN4="},"chainType":1,"messageKeys":{}}},"pendingPreKey":{"signedKeyId":0,"baseKey":"BQ4QWTB1Z/QCuqXMCipDPd8vDY+H5JGSAfmMEHYO3Rl/"}}},"version":"v1"}