{"_sessions":{"BWVLaPGa50yAoluojvKJZanFSw/Il9A2yCiKddU2nuNG":{"registrationId":1352903035,"currentRatchet":{"ephemeralKeyPair":{"pubKey":"BXrp+nMrUGw9Jq04Mt62haAW41MqubFTeRD5WO7X4Nlu","privKey":"gOe2kNbec/D86Ubh6nWy3ZgJDEYn2lFbNcrudEUlrlI="},"lastRemoteEphemeralKey":"Bb5i9414r2uAmyN/j7AYENOCxncTJ1oAYGB19W35+vwQ","previousCounter":0,"rootKey":"rqH50TsVvdyJx39tt14Me9bXQR89fXDw870jvRaEhtM="},"indexInfo":{"baseKey":"BWVLaPGa50yAoluojvKJZanFSw/Il9A2yCiKddU2nuNG","baseKeyType":1,"closed":1721227178496,"used":1721227175765,"created":1721227175765,"remoteIdentityKey":"BVyz2P9q9UtqxTIIvI8MGnGWQ4IfXncRC2jrqAvz1ZMS"},"_chains":{"BXrp+nMrUGw9Jq04Mt62haAW41MqubFTeRD5WO7X4Nlu":{"chainKey":{"counter":-1,"key":"Emq83pUYFYwj/wn1yUCxTVdRswsKsn35TrJ/9XvuFoI="},"chainType":1,"messageKeys":{}}},"pendingPreKey":{"signedKeyId":24,"baseKey":"BWVLaPGa50yAoluojvKJZanFSw/Il9A2yCiKddU2nuNG","preKeyId":7727688}},"Bd9Gd59t9sT4IKV9pwwPpTcmqvysEytPQdIlwU3Flewb":{"registrationId":1352903035,"currentRatchet":{"ephemeralKeyPair":{"pubKey":"BYkvtQnAPZrpWsooYIk3N42tgZOGR66hjFBWpTB0E7J+","privKey":"ADjhnp47rh6a9qcGgnDKVOsVbtw6/LRfthCLpTafAVU="},"lastRemoteEphemeralKey":"Bb5i9414r2uAmyN/j7AYENOCxncTJ1oAYGB19W35+vwQ","previousCounter":0,"rootKey":"nAUCVpsAlfHGjqrqbfd5v0B3oXI8ZAhpchRZVSEp3MU="},"indexInfo":{"baseKey":"Bd9Gd59t9sT4IKV9pwwPpTcmqvysEytPQdIlwU3Flewb","baseKeyType":1,"closed":-1,"used":1721227178494,"created":1721227178494,"remoteIdentityKey":"BVyz2P9q9UtqxTIIvI8MGnGWQ4IfXncRC2jrqAvz1ZMS"},"_chains":{"BYkvtQnAPZrpWsooYIk3N42tgZOGR66hjFBWpTB0E7J+":{"chainKey":{"counter":1,"key":"CB6vsZeRwH0W7IZcoigGSEM1oeDmuBgKf0yE0n44aPM="},"chainType":1,"messageKeys":{}}},"pendingPreKey":{"signedKeyId":24,"baseKey":"Bd9Gd59t9sT4IKV9pwwPpTcmqvysEytPQdIlwU3Flewb","preKeyId":7728080}}},"version":"v1"}