{"_sessions":{"Bdx9i0alW0C0H7ZjP8C4E2Zq5MA0Vkj1v8rdAjvBUYBU":{"registrationId":1842695778,"currentRatchet":{"ephemeralKeyPair":{"pubKey":"BTjJVBNyr6br/YJTxSWo79TNnUINrsLsGFufMxGbIhBp","privKey":"YFrB1j9pyL+exlWbibUd4BcFR1VLjU5vSM1WY4y64ks="},"lastRemoteEphemeralKey":"BQKt+PjrMVLWalKlGBrPBc/B6PjwSfYxu0QJiUvu96AF","previousCounter":0,"rootKey":"0IX+hFqYzBI0ftMCYBTLn3aM7CIW8DMwTMYXsePssW8="},"indexInfo":{"baseKey":"Bdx9i0alW0C0H7ZjP8C4E2Zq5MA0Vkj1v8rdAjvBUYBU","baseKeyType":1,"closed":-1,"used":1721227117011,"created":1721227117011,"remoteIdentityKey":"BX4ir9IQFsEDhtwTC0O8Ru+QGJ9vNCOLtZbEDD7qMBtP"},"_chains":{"BTjJVBNyr6br/YJTxSWo79TNnUINrsLsGFufMxGbIhBp":{"chainKey":{"counter":0,"key":"2nc0LLNiCcJZOYFiHg8De2SUmCbTI9m5zM9EoeqZm5I="},"chainType":1,"messageKeys":{}}},"pendingPreKey":{"signedKeyId":5,"baseKey":"Bdx9i0alW0C0H7ZjP8C4E2Zq5MA0Vkj1v8rdAjvBUYBU","preKeyId":6795823}}},"version":"v1"}