{"_sessions":{"BV9odtoNd4gk4ebrm+kZbzEXmftxkOKrvWcnqSng51JI":{"registrationId":19,"currentRatchet":{"ephemeralKeyPair":{"pubKey":"BcJBvxJwuqhfgocwgON6Lx8eWaFOOKo0oSuDERaVmsIw","privKey":"wAb1Zf/W0UyBbbGV1PkGNHyi0bbUTrLVdGqYA9fuGEw="},"lastRemoteEphemeralKey":"BXf+1vZfYcpbQN1e3tGLhS1MFWTkZXbiuqhWVnl5jgkn","previousCounter":0,"rootKey":"b9wajjmWQ3cbtrem7varjEaWnPPnzlsEg1SqR4uwRzM="},"indexInfo":{"baseKey":"BV9odtoNd4gk4ebrm+kZbzEXmftxkOKrvWcnqSng51JI","baseKeyType":1,"closed":1721227177305,"used":1721227175345,"created":1721227175345,"remoteIdentityKey":"BajHbwHP7d2nF6aKqQgZUoAoZPVgULVQ4Y/rkdrkObRp"},"_chains":{"BcJBvxJwuqhfgocwgON6Lx8eWaFOOKo0oSuDERaVmsIw":{"chainKey":{"counter":-1,"key":"rbOTtc0YIaQTL0McXjZw6lRToTzI+/ECOdF2bzTm2uQ="},"chainType":1,"messageKeys":{}}},"pendingPreKey":{"signedKeyId":1,"baseKey":"BV9odtoNd4gk4ebrm+kZbzEXmftxkOKrvWcnqSng51JI","preKeyId":159}},"BTOVW/iDfzXBS6I/ln0nxDFbOgDZwpeFZ/Snwu0ao/FK":{"registrationId":19,"currentRatchet":{"ephemeralKeyPair":{"pubKey":"BaLoocU+OUdq3FZtJk+oOWvlpgqmOwm1kaINT3k0kvEG","privKey":"uNvk5YI0la4Cg2z+pW/giGaxqeZzrqnxifP9vlU+t3E="},"lastRemoteEphemeralKey":"BXf+1vZfYcpbQN1e3tGLhS1MFWTkZXbiuqhWVnl5jgkn","previousCounter":0,"rootKey":"25uANEU330kiGXUPh9464MF5oq74hOMKUB7KVsVaXAY="},"indexInfo":{"baseKey":"BTOVW/iDfzXBS6I/ln0nxDFbOgDZwpeFZ/Snwu0ao/FK","baseKeyType":1,"closed":-1,"used":1721227177285,"created":1721227177285,"remoteIdentityKey":"BajHbwHP7d2nF6aKqQgZUoAoZPVgULVQ4Y/rkdrkObRp"},"_chains":{"BaLoocU+OUdq3FZtJk+oOWvlpgqmOwm1kaINT3k0kvEG":{"chainKey":{"counter":1,"key":"ePzHmCLNOIICO3f/4cCZuM4GfbdySzW19CrHqMibGg8="},"chainType":1,"messageKeys":{}}},"pendingPreKey":{"signedKeyId":1,"baseKey":"BTOVW/iDfzXBS6I/ln0nxDFbOgDZwpeFZ/Snwu0ao/FK","preKeyId":166}}},"version":"v1"}