{"_sessions":{"BUzf9BoO9wlC1oFl6XPpDJl+TPc/t2x9zYy3NuACrs4a":{"registrationId":8038,"currentRatchet":{"ephemeralKeyPair":{"pubKey":"BTz4qz6AGkJsklghzFXs8sfenfL9bFuBJUkwxt8HgIVr","privKey":"uFF9HvhOFbA2L6VUwL+5NG2xZHXJ3yuZoB7pe1RuEm0="},"lastRemoteEphemeralKey":"BYRlHuR8caupxaXD+xa8T7CEuiNtcjwmTngr4YsLhtZg","previousCounter":0,"rootKey":"zOPoDGaDvyXxSr6QD7iAYmpAwJCbiMkP2PsXndcZuDE="},"indexInfo":{"baseKey":"BUzf9BoO9wlC1oFl6XPpDJl+TPc/t2x9zYy3NuACrs4a","baseKeyType":1,"closed":-1,"used":1721227116257,"created":1721227116257,"remoteIdentityKey":"BU9lnGmaPbU45ai29j5v0P3goMou/G3BtB+I1gXmFSNX"},"_chains":{"BTz4qz6AGkJsklghzFXs8sfenfL9bFuBJUkwxt8HgIVr":{"chainKey":{"counter":0,"key":"F1R/CBqP6yBHkvb/LemX1U1maHGIFyHQFRhUBlulfHw="},"chainType":1,"messageKeys":{}}},"pendingPreKey":{"signedKeyId":1,"baseKey":"BUzf9BoO9wlC1oFl6XPpDJl+TPc/t2x9zYy3NuACrs4a","preKeyId":3447}}},"version":"v1"}