{"_sessions":{"BROjwyKPV3flvwoN34Ibr7AXz/RlEWZ3itnBgmeQGgxW":{"registrationId":2006085124,"currentRatchet":{"ephemeralKeyPair":{"pubKey":"Bb2MDDzoMG1U+ym03R9nv8rtmkRNOj6HuX+E0lJJiW9Z","privKey":"ILFDu6Bs7ZMoYu4bTTcHd0zPU3JIQehFRCmj0DvbnX4="},"lastRemoteEphemeralKey":"BeH6qa0owfFdWnGTzNmKdUb7tzPvIHFwbLwX05EGGTMr","previousCounter":0,"rootKey":"0TYvVfTOmrljXNLUm05RypKNkAbEfTsm3Ohk7i5c7LY="},"indexInfo":{"baseKey":"BROjwyKPV3flvwoN34Ibr7AXz/RlEWZ3itnBgmeQGgxW","baseKeyType":1,"closed":1721227178550,"used":1721227175775,"created":1721227175775,"remoteIdentityKey":"BYqUu0UO0tzqx+zoQmZanYg9LR7Gh9Q8uBRBJgwAHuVM"},"_chains":{"Bb2MDDzoMG1U+ym03R9nv8rtmkRNOj6HuX+E0lJJiW9Z":{"chainKey":{"counter":-1,"key":"U0XMiI9GAQHROQaCG/MCcG9O+FOeG/1fhh+9eSo02Wc="},"chainType":1,"messageKeys":{}}},"pendingPreKey":{"signedKeyId":0,"baseKey":"BROjwyKPV3flvwoN34Ibr7AXz/RlEWZ3itnBgmeQGgxW","preKeyId":2459421}},"BQhc1GLvyyKG3fZSjVZqMJl7tS+Ghc/bKgPDuFC4KzlU":{"registrationId":2006085124,"currentRatchet":{"ephemeralKeyPair":{"pubKey":"BYUjW8iVI5z9Y58SBjm1pYZXjqMq6lNnv/vxBMyiWt0m","privKey":"CGDpFboZAJrnXZfN+slutgi9dEUZvcVXHLCVbpo/Bks="},"lastRemoteEphemeralKey":"BeH6qa0owfFdWnGTzNmKdUb7tzPvIHFwbLwX05EGGTMr","previousCounter":0,"rootKey":"oC07SVaSg1+urEkrnfxob/vD1WTIIaaqoRmNMNQqUXw="},"indexInfo":{"baseKey":"BQhc1GLvyyKG3fZSjVZqMJl7tS+Ghc/bKgPDuFC4KzlU","baseKeyType":1,"closed":-1,"used":1721227178548,"created":1721227178548,"remoteIdentityKey":"BYqUu0UO0tzqx+zoQmZanYg9LR7Gh9Q8uBRBJgwAHuVM"},"_chains":{"BYUjW8iVI5z9Y58SBjm1pYZXjqMq6lNnv/vxBMyiWt0m":{"chainKey":{"counter":1,"key":"NLavkAJin3IcJ/hZElqW2mNh+8OkFwvTrTjsgxsVQyQ="},"chainType":1,"messageKeys":{}}},"pendingPreKey":{"signedKeyId":0,"baseKey":"BQhc1GLvyyKG3fZSjVZqMJl7tS+Ghc/bKgPDuFC4KzlU","preKeyId":2459254}}},"version":"v1"}