{"_sessions":{"BfHowoNrwCcsjVK3b3m3LqAvZdWrG9NPDisNwyrX4yol":{"registrationId":14619,"currentRatchet":{"ephemeralKeyPair":{"pubKey":"BaQqihsWGPQvty9FaH0yKwAV8lqfe1wUEv9kEulmWm9t","privKey":"QEHoAkjYEOkIED8rQOZzd2/y2AuwYh77B3jT5RqsnWs="},"lastRemoteEphemeralKey":"Bb1FJeVj2mP5EvIw8rhr7bE7gvLnqMPOiN2M0G2rR9co","previousCounter":0,"rootKey":"3Bxk2UUyKuVdsUIzS7E94naANeYKDIxKZbRfoBYhnNo="},"indexInfo":{"baseKey":"BfHowoNrwCcsjVK3b3m3LqAvZdWrG9NPDisNwyrX4yol","baseKeyType":1,"closed":-1,"used":1721227116327,"created":1721227116327,"remoteIdentityKey":"BYB5e+2v86L0jjAEJfGdDeX0h7dm8RdFU0Lb4ZF0PvFH"},"_chains":{"BaQqihsWGPQvty9FaH0yKwAV8lqfe1wUEv9kEulmWm9t":{"chainKey":{"counter":0,"key":"FohBxFBvdll3l4L+WrbGSJh6NyVWsQIGHIVyTFc1gPM="},"chainType":1,"messageKeys":{}}},"pendingPreKey":{"signedKeyId":1,"baseKey":"BfHowoNrwCcsjVK3b3m3LqAvZdWrG9NPDisNwyrX4yol","preKeyId":1686}}},"version":"v1"}