{"_sessions":{"BcxDvKmWO9o0xWez5F2NvvQPrAffM9rICJ//hvW9YYRR":{"registrationId":577615883,"currentRatchet":{"ephemeralKeyPair":{"pubKey":"BYBgxkc1COr62imFs6pY4d2sPUiVcFMCJxTUy0uxemg/","privKey":"gFAXAgID1GGDFgwKJVV7dHproWgX+BBTl4Ao8mM59Gc="},"lastRemoteEphemeralKey":"BUbs5IleXLs6FlAz89DFariDVvL6uQL8AsGUyg6yTAs+","previousCounter":0,"rootKey":"zQPt3WLshiQCMhd0o2zfyk82HUpXWWnmnx5qCbAjiEk="},"indexInfo":{"baseKey":"BcxDvKmWO9o0xWez5F2NvvQPrAffM9rICJ//hvW9YYRR","baseKeyType":1,"closed":-1,"used":1721227117230,"created":1721227117230,"remoteIdentityKey":"BTazgb3cezORFI0lXtuQhwn/ofO71mzAT6tHdAgHlwVF"},"_chains":{"BYBgxkc1COr62imFs6pY4d2sPUiVcFMCJxTUy0uxemg/":{"chainKey":{"counter":0,"key":"X6UaAZdwXaF/jXp9OSKNOdFZSvEmhCoHgwPiCYFeYVU="},"chainType":1,"messageKeys":{}}},"pendingPreKey":{"signedKeyId":4,"baseKey":"BcxDvKmWO9o0xWez5F2NvvQPrAffM9rICJ//hvW9YYRR","preKeyId":1236067}}},"version":"v1"}