{"_sessions":{"Bb5XMcFKykvAAJN8cGx6rQO0Zf8p9RxWMASEi/tLlkpA":{"registrationId":108,"currentRatchet":{"ephemeralKeyPair":{"pubKey":"BcO9ypfPDRvSV2ZTj3Lljy4SFVEOstulNRofYPEsrUoB","privKey":"QIXsIhbXRUcowk0zpwZcIF0Ups0DpGlFikE5jjouRFU="},"lastRemoteEphemeralKey":"BTHUEZgoNYJtYinwb0nqKicOCKQjw/CqVFWejRMaBkcl","previousCounter":0,"rootKey":"D54Ird63NUQyLEP+ra7HMxc+fQ6kS6QsIzPTH2Orosg="},"indexInfo":{"baseKey":"Bb5XMcFKykvAAJN8cGx6rQO0Zf8p9RxWMASEi/tLlkpA","baseKeyType":1,"closed":1721227177765,"used":1721227175528,"created":1721227175528,"remoteIdentityKey":"BYm6K0SkoeUx4u0s3fynGTpyJvxKHZdvRLk6W35PxGRy"},"_chains":{"BcO9ypfPDRvSV2ZTj3Lljy4SFVEOstulNRofYPEsrUoB":{"chainKey":{"counter":-1,"key":"fW2sOH7Ophw5JQ5xbeGH7oGf2LenxVoup21+YC4H1bg="},"chainType":1,"messageKeys":{}}},"pendingPreKey":{"signedKeyId":1,"baseKey":"Bb5XMcFKykvAAJN8cGx6rQO0Zf8p9RxWMASEi/tLlkpA"}},"BTaCxefpM+mayKYZjg8wz0i4m5g+PL3tjtEmdjlLf915":{"registrationId":108,"currentRatchet":{"ephemeralKeyPair":{"pubKey":"Bbt/kiVC0zskqSUlbdCdrPVR/FL6eMR98qrRdyzuErAl","privKey":"YMvAvTN2ZBR8XkMyi0jHb827wl20pkoCYWPe6KDrvXQ="},"lastRemoteEphemeralKey":"BTHUEZgoNYJtYinwb0nqKicOCKQjw/CqVFWejRMaBkcl","previousCounter":0,"rootKey":"h5piebdutpUuvsAHms/mtvX30kV7ZzwhBDeu4NbBI/g="},"indexInfo":{"baseKey":"BTaCxefpM+mayKYZjg8wz0i4m5g+PL3tjtEmdjlLf915","baseKeyType":1,"closed":-1,"used":1721227177763,"created":1721227177763,"remoteIdentityKey":"BYm6K0SkoeUx4u0s3fynGTpyJvxKHZdvRLk6W35PxGRy"},"_chains":{"Bbt/kiVC0zskqSUlbdCdrPVR/FL6eMR98qrRdyzuErAl":{"chainKey":{"counter":1,"key":"r5EcOo2YeDy1AD9O+JhEDQxI8pndmzYx2gyDcZM2qPE="},"chainType":1,"messageKeys":{}}},"pendingPreKey":{"signedKeyId":1,"baseKey":"BTaCxefpM+mayKYZjg8wz0i4m5g+PL3tjtEmdjlLf915"}}},"version":"v1"}