{"_sessions":{"BZNpV6jwvLu+2cmo9zd3mZJU5cqcK0cKuT4HL6T7qbU2":{"registrationId":1455465287,"currentRatchet":{"ephemeralKeyPair":{"pubKey":"BXZasc8i+tzvwGx+Fd2etyarfT/3y61ezPl+TjiwlQIL","privKey":"2ElY+AQHrbCoolqAbVRYpX7Tdux25UndseSxpleIjmg="},"lastRemoteEphemeralKey":"BYW8GK6chBw+CKBxAyoMWO6YRyTsaWszSS2whAxJyZ8C","previousCounter":0,"rootKey":"FkBDOYxxSb2+rk1pkm2ivRByK/aNssRbRidX2y3tioY="},"indexInfo":{"baseKey":"BZNpV6jwvLu+2cmo9zd3mZJU5cqcK0cKuT4HL6T7qbU2","baseKeyType":1,"closed":-1,"used":1721227117028,"created":1721227117028,"remoteIdentityKey":"BQNc0WhiU8MbZl0JebNYjUbzCNrvnqSB72H/wMzfyfNP"},"_chains":{"BXZasc8i+tzvwGx+Fd2etyarfT/3y61ezPl+TjiwlQIL":{"chainKey":{"counter":0,"key":"I5ItFFk+kdLVOqiFHF+KDleaFVPZ3PD2B4cDRv7jDM0="},"chainType":1,"messageKeys":{}}},"pendingPreKey":{"signedKeyId":0,"baseKey":"BZNpV6jwvLu+2cmo9zd3mZJU5cqcK0cKuT4HL6T7qbU2","preKeyId":8989278}}},"version":"v1"}