{"_sessions":{"BW22ZVl5pU2RIpOQNi+7oCwwIjRWtr31Pi8kILW6VdMo":{"registrationId":191108032,"currentRatchet":{"ephemeralKeyPair":{"pubKey":"BT/hI/wcf8fDMfmEa76lA9dwH4oCyEz4JqIz83SwwIR7","privKey":"yDPxpfMEUzVh9AIF3yWqILrYDQjxo4WZ6mexWGptIXw="},"lastRemoteEphemeralKey":"BTmzxLrxp4GQcMW/lYkl9+L6hMoJAGeU0xxrEQUOOLcs","previousCounter":0,"rootKey":"VJjQpp6JrOTKSLv3BBGyXI/w7ISppdKt9Xf00YAh0M0="},"indexInfo":{"baseKey":"BW22ZVl5pU2RIpOQNi+7oCwwIjRWtr31Pi8kILW6VdMo","baseKeyType":1,"closed":1721227179256,"used":1721227176032,"created":1721227176032,"remoteIdentityKey":"BbBrSqurMj4JSQ3LoAj+HtRtytd6+PyH69lhJf0P3LAs"},"_chains":{"BT/hI/wcf8fDMfmEa76lA9dwH4oCyEz4JqIz83SwwIR7":{"chainKey":{"counter":-1,"key":"Hm1ieYHAqojQtFRpS7HcIBYDBdCl/iYjFauVylUH82o="},"chainType":1,"messageKeys":{}}},"pendingPreKey":{"signedKeyId":10,"baseKey":"BW22ZVl5pU2RIpOQNi+7oCwwIjRWtr31Pi8kILW6VdMo","preKeyId":14605289}},"BZc4PN2BcZfo3TA6ok5/EKqEc5J5YSK1XJU+ONVXYFkD":{"registrationId":191108032,"currentRatchet":{"ephemeralKeyPair":{"pubKey":"BW+qHT+GnVPTpNq6wwJmn0sayGkCCRKm5nKwAFbmGZZ7","privKey":"2MCkTgr2G2dblzHly2WMKqkgFYCiIq9+RxDLnd+pRU0="},"lastRemoteEphemeralKey":"BTmzxLrxp4GQcMW/lYkl9+L6hMoJAGeU0xxrEQUOOLcs","previousCounter":0,"rootKey":"J37gHzvAbEWvetwXo9BtYpezJJS2cHqBQQYweUluTYk="},"indexInfo":{"baseKey":"BZc4PN2BcZfo3TA6ok5/EKqEc5J5YSK1XJU+ONVXYFkD","baseKeyType":1,"closed":-1,"used":1721227179255,"created":1721227179255,"remoteIdentityKey":"BbBrSqurMj4JSQ3LoAj+HtRtytd6+PyH69lhJf0P3LAs"},"_chains":{"BW+qHT+GnVPTpNq6wwJmn0sayGkCCRKm5nKwAFbmGZZ7":{"chainKey":{"counter":1,"key":"T+aqg0bNB03hVnWPXaEtUKBFM9WcrVIz6UCkwURox64="},"chainType":1,"messageKeys":{}}},"pendingPreKey":{"signedKeyId":10,"baseKey":"BZc4PN2BcZfo3TA6ok5/EKqEc5J5YSK1XJU+ONVXYFkD","preKeyId":14604927}}},"version":"v1"}