{"_sessions":{"BYCrMIAQw6x99o8BiZvoayEY+lmNL7iDqXbgMKK/Frd8":{"registrationId":101781403,"currentRatchet":{"ephemeralKeyPair":{"pubKey":"BXOZUxgtF/D+MfGWG6RfT9+IgOgZHlHKmrJB0vzv9JFb","privKey":"YGInCLZF0aXlW4izE9F0WIapaPPb9EyzKjYM3De0pno="},"lastRemoteEphemeralKey":"BWjgJyNZpWuSbwT5aRALgChhNqaSXRshURKeycSkl6JH","previousCounter":0,"rootKey":"z/0Fbpv5Xg6nnUtngNCDBzkThMCDXHPumhr9BAkVZb8="},"indexInfo":{"baseKey":"BYCrMIAQw6x99o8BiZvoayEY+lmNL7iDqXbgMKK/Frd8","baseKeyType":1,"closed":-1,"used":1721227115732,"created":1721227115732,"remoteIdentityKey":"BQi94OQG1tk2ToM1b1oZHVlm+jADrPFCZTTOuOyPzLt7"},"_chains":{"BXOZUxgtF/D+MfGWG6RfT9+IgOgZHlHKmrJB0vzv9JFb":{"chainKey":{"counter":0,"key":"pBzAzPI8eUtry1kh553BItjmIE3VbYfAtqHKMnopbC8="},"chainType":1,"messageKeys":{}}},"pendingPreKey":{"signedKeyId":3,"baseKey":"BYCrMIAQw6x99o8BiZvoayEY+lmNL7iDqXbgMKK/Frd8","preKeyId":8279}}},"version":"v1"}