{"_sessions":{"BR5VR4ZzXtEQsFsLgIwoKjqH55JIg/Vd7yWKe8I1uzwl":{"registrationId":608,"currentRatchet":{"ephemeralKeyPair":{"pubKey":"BQifSza+d0igllG1Ph9WYRlFEbUxwsKFKl2rvW3csrEU","privKey":"0KYEUv884m02qGhVW2BapVF3Ph1xHRnRZWZfDy9eJng="},"lastRemoteEphemeralKey":"BZH14Tu+1OMtyvKm9dM3HUsJ3vedPo2jMGVLdmOiLeEW","previousCounter":0,"rootKey":"B4CWobsxLWOBGzTvWnUlNrhCEouvlMO4PScYhkvBrAc="},"indexInfo":{"baseKey":"BR5VR4ZzXtEQsFsLgIwoKjqH55JIg/Vd7yWKe8I1uzwl","baseKeyType":1,"closed":-1,"used":1721227116150,"created":1721227116150,"remoteIdentityKey":"BdIGoY8UisSPwYiExVRYWybwzoJV4rWpsgqf9mx+TnJG"},"_chains":{"BQifSza+d0igllG1Ph9WYRlFEbUxwsKFKl2rvW3csrEU":{"chainKey":{"counter":0,"key":"D+CIMsBLiPakbzZchZQc0NDcNU5kVeBJm+NbmLGfMIk="},"chainType":1,"messageKeys":{}}},"pendingPreKey":{"signedKeyId":1,"baseKey":"BR5VR4ZzXtEQsFsLgIwoKjqH55JIg/Vd7yWKe8I1uzwl"}}},"version":"v1"}