{"_sessions":{"BZldBVI64f4sKGwy9YF7HKzv6gZu9ing0cGJyLSOe0FN":{"registrationId":1719908670,"currentRatchet":{"ephemeralKeyPair":{"pubKey":"BeAwjAO3fqiLaaUrCuG24K6xl4rlWtuD3kN4qJqPuycR","privKey":"KKkJkFW+mHdQZ8xyjym+675f6L1t0ptsCRAl2mtv5Ws="},"lastRemoteEphemeralKey":"BXqKR+zQd4f3Wh8/0smWiRUCz/ae6uTzI6nGiTWbyGhF","previousCounter":0,"rootKey":"tYF1GJGDjqme/tdT3j7/pwkXC1+8el3ze4y1n/DE9Zs="},"indexInfo":{"baseKey":"BZldBVI64f4sKGwy9YF7HKzv6gZu9ing0cGJyLSOe0FN","baseKeyType":1,"closed":1721227178333,"used":1721227175664,"created":1721227175664,"remoteIdentityKey":"BUazCp4jmwUDYWBPVSxKZPkAXBprcpb/Z+kgqmbw2q4n"},"_chains":{"BeAwjAO3fqiLaaUrCuG24K6xl4rlWtuD3kN4qJqPuycR":{"chainKey":{"counter":-1,"key":"Xts5tOL7SRkCf3HMfqnfzWpW2mZATR6JJAwE2ldU3sY="},"chainType":1,"messageKeys":{}}},"pendingPreKey":{"signedKeyId":1,"baseKey":"BZldBVI64f4sKGwy9YF7HKzv6gZu9ing0cGJyLSOe0FN","preKeyId":6220533}},"Bb+4XRajoh8A65u0E7qBN831khv4y6Y4SMaAf23oiWcM":{"registrationId":1719908670,"currentRatchet":{"ephemeralKeyPair":{"pubKey":"BU2C3PlDLXzncrssHNohCzDfyL0o4Y4UO8iFUhSwUjdN","privKey":"kKxpl7rKcLEXsnezkbqu9oB+F4w4xLxg7P9maLk2gGo="},"lastRemoteEphemeralKey":"BXqKR+zQd4f3Wh8/0smWiRUCz/ae6uTzI6nGiTWbyGhF","previousCounter":0,"rootKey":"8xC8lDd46EQyHfpZvr1A7IDcugCekXf3pZDnH6g4E14="},"indexInfo":{"baseKey":"Bb+4XRajoh8A65u0E7qBN831khv4y6Y4SMaAf23oiWcM","baseKeyType":1,"closed":-1,"used":1721227178331,"created":1721227178331,"remoteIdentityKey":"BUazCp4jmwUDYWBPVSxKZPkAXBprcpb/Z+kgqmbw2q4n"},"_chains":{"BU2C3PlDLXzncrssHNohCzDfyL0o4Y4UO8iFUhSwUjdN":{"chainKey":{"counter":1,"key":"stoNEdbd5XWdNuHhmCZGpHIRZzdCulmn2adVevrKER8="},"chainType":1,"messageKeys":{}}},"pendingPreKey":{"signedKeyId":1,"baseKey":"Bb+4XRajoh8A65u0E7qBN831khv4y6Y4SMaAf23oiWcM","preKeyId":6220532}}},"version":"v1"}