{"_sessions":{"BfdK9A3pajO/z8V5H6PFFxWaHDgk7+tbOcMiwIp+AeFU":{"registrationId":1283073750,"currentRatchet":{"ephemeralKeyPair":{"pubKey":"BZ1+R4EI7cOKxRMuuthNetIg7nH3yUrZFjKtpD+4sJda","privKey":"iEY02MMm9wEL4i2kw8jHGLDkmhaEfBTxO/Et6yv8iEU="},"lastRemoteEphemeralKey":"BZGJLXCWQUdtidbNJkwUfoosHl23szz9KuVnjTFM4IJo","previousCounter":0,"rootKey":"dIyiQJz+UJXa/LmSv6dVDLTLk66Hb4MMWgkfEjOPrXA="},"indexInfo":{"baseKey":"BfdK9A3pajO/z8V5H6PFFxWaHDgk7+tbOcMiwIp+AeFU","baseKeyType":1,"closed":1721227178630,"used":1721227175828,"created":1721227175828,"remoteIdentityKey":"BXRksXtpnRigYzMsCS5wT5cFfDHL7DzcWdSf4wyqZGo1"},"_chains":{"BZ1+R4EI7cOKxRMuuthNetIg7nH3yUrZFjKtpD+4sJda":{"chainKey":{"counter":-1,"key":"8kCPQcf+mumZ3aVEMjSEmEmm1ms5nq9TsLjZFPQkZV8="},"chainType":1,"messageKeys":{}}},"pendingPreKey":{"signedKeyId":0,"baseKey":"BfdK9A3pajO/z8V5H6PFFxWaHDgk7+tbOcMiwIp+AeFU","preKeyId":7837716}},"BUJUigj/+5e9PVvO1AX00Xhu6Vb5SMIF3l+pSKKzeGMD":{"registrationId":1283073750,"currentRatchet":{"ephemeralKeyPair":{"pubKey":"BeIMIRi0sP7hGjNxEv8FcL4F+N8nDm8oZllYlbGyPgIp","privKey":"qCiDzRvNTRIjnPD0GGlpv/Aq/AOiE2H/OcGN55VKxmY="},"lastRemoteEphemeralKey":"BZGJLXCWQUdtidbNJkwUfoosHl23szz9KuVnjTFM4IJo","previousCounter":0,"rootKey":"xQ9DscUHFZXeZghWvx0CxDLZ383U5+iDx9eFiEWyBmw="},"indexInfo":{"baseKey":"BUJUigj/+5e9PVvO1AX00Xhu6Vb5SMIF3l+pSKKzeGMD","baseKeyType":1,"closed":-1,"used":1721227178628,"created":1721227178628,"remoteIdentityKey":"BXRksXtpnRigYzMsCS5wT5cFfDHL7DzcWdSf4wyqZGo1"},"_chains":{"BeIMIRi0sP7hGjNxEv8FcL4F+N8nDm8oZllYlbGyPgIp":{"chainKey":{"counter":1,"key":"9IY3s7xhMLdepUFtnmS/P5KrCKYoXL4fxX4rWrumzvA="},"chainType":1,"messageKeys":{}}},"pendingPreKey":{"signedKeyId":0,"baseKey":"BUJUigj/+5e9PVvO1AX00Xhu6Vb5SMIF3l+pSKKzeGMD","preKeyId":7837796}}},"version":"v1"}