{"_sessions":{"Bf0R1ElK358lyaxaGr3hPJuJnctBoFrEKsvG+W9Drhtd":{"registrationId":2061919623,"currentRatchet":{"ephemeralKeyPair":{"pubKey":"BXaME7VoXK+9e/zWmzcQKomYdHqe8BmL/7ELBKy0VT0z","privKey":"uEDAYij1uZ40FhFsuTTVNGhzK8YA0ybpyk+/fs0brWA="},"lastRemoteEphemeralKey":"BXwBmmoiMOhAyjb0jUrGG/1vIOBSbqKHLXM3dSCFJi1Q","previousCounter":0,"rootKey":"xW3d2oV9UUYKDJypD2YYzM7ZYYVAWaY90xoTQcpobTQ="},"indexInfo":{"baseKey":"Bf0R1ElK358lyaxaGr3hPJuJnctBoFrEKsvG+W9Drhtd","baseKeyType":1,"closed":-1,"used":1721227117032,"created":1721227117032,"remoteIdentityKey":"BYq/kXC43ZrNTAMzcZW92NoqY2/WMDZoq6Km3J7VEEgo"},"_chains":{"BXaME7VoXK+9e/zWmzcQKomYdHqe8BmL/7ELBKy0VT0z":{"chainKey":{"counter":0,"key":"drt/xLXVR3ANi1x04S9lyiX1RQe9OOMrfzzgGoLKtBY="},"chainType":1,"messageKeys":{}}},"pendingPreKey":{"signedKeyId":1,"baseKey":"Bf0R1ElK358lyaxaGr3hPJuJnctBoFrEKsvG+W9Drhtd"}}},"version":"v1"}