{"_sessions":{"BVUxEHrrtf928DeclMX2ZKhJtUrAV/lfVhxpIscAq9Rx":{"registrationId":6168,"currentRatchet":{"ephemeralKeyPair":{"pubKey":"Bb8gpkWHL8SsDzaJc/qT0I9UdhF5cV86eLRo8+YDrr54","privKey":"iN7EWjDAXUhHwOwpTgoMOJs+io7j37KSxbONsaen3GA="},"lastRemoteEphemeralKey":"BQ+YBldlw0tv1XEeSIFjmqV/jb2Sp33uQ9e9mbso1OYu","previousCounter":0,"rootKey":"kGl8T57N3DcRKqmn/2x2MVCS3JiWBhYajU9e7HQ/lUE="},"indexInfo":{"baseKey":"BVUxEHrrtf928DeclMX2ZKhJtUrAV/lfVhxpIscAq9Rx","baseKeyType":1,"closed":-1,"used":1721227116269,"created":1721227116269,"remoteIdentityKey":"BZlbN396Sx5Jj8i1CQ8nEtZmXcvl2GxohOR8qdsuCqMq"},"_chains":{"Bb8gpkWHL8SsDzaJc/qT0I9UdhF5cV86eLRo8+YDrr54":{"chainKey":{"counter":0,"key":"+zABaekK0b0GVTfNgf0G7/9h0m9iuQx2O/zGAesUvpc="},"chainType":1,"messageKeys":{}}},"pendingPreKey":{"signedKeyId":1,"baseKey":"BVUxEHrrtf928DeclMX2ZKhJtUrAV/lfVhxpIscAq9Rx"}}},"version":"v1"}