{"_sessions":{"BYtdQ8gfrDHsMZ9Q6cZKpCnuzPJySkKSic7/PcIykEIU":{"registrationId":3329,"currentRatchet":{"ephemeralKeyPair":{"pubKey":"Bai/XuJYeoSVRC/coITR9WdjG6KrKhVuT3ynVfhPkpNP","privKey":"aB1/q3YfeN2u4Da1koeG6QcoawI7zxCmns+XyRCVdWw="},"lastRemoteEphemeralKey":"BQTPW//3423DYyGxgEB60tWkG+DJo+ic6kBZijJEIFoq","previousCounter":0,"rootKey":"gMcIFMHqvwGz+Eb87D/YaXyY/BV5MabPnr8H4VYBqO4="},"indexInfo":{"baseKey":"BYtdQ8gfrDHsMZ9Q6cZKpCnuzPJySkKSic7/PcIykEIU","baseKeyType":1,"closed":-1,"used":1721227116130,"created":1721227116130,"remoteIdentityKey":"BYRkpcp2MfiFbnpukyJjA6Cg+WXzwqh1Jt0NstoosiIx"},"_chains":{"Bai/XuJYeoSVRC/coITR9WdjG6KrKhVuT3ynVfhPkpNP":{"chainKey":{"counter":0,"key":"IK60l+ZgWHxxJ/+GycPBMNokeLmInyrIXX3Yn1pJBaA="},"chainType":1,"messageKeys":{}}},"pendingPreKey":{"signedKeyId":1,"baseKey":"BYtdQ8gfrDHsMZ9Q6cZKpCnuzPJySkKSic7/PcIykEIU"}}},"version":"v1"}