{"_sessions":{"BdSgRuOnRwv2UCzgecLwW1k7nZNT6bMJ74vvzfoJVIEB":{"registrationId":737489743,"currentRatchet":{"ephemeralKeyPair":{"pubKey":"BQeQBmVhxOXfVt4zctm7dIGzOaTLARXxUkXPofdoZT5x","privKey":"iMJLnFsBfflxpEAD6zDob/y2ykFb4ZeND8Og+HykA00="},"lastRemoteEphemeralKey":"BT+N2OGbJNU0HYi4/JGvEvYA/jYL8SCh87SIpdgdpt14","previousCounter":0,"rootKey":"IHPXYfpZR5QEkQymxqyv6kktUq0rReHaZCa1vZK19ok="},"indexInfo":{"baseKey":"BdSgRuOnRwv2UCzgecLwW1k7nZNT6bMJ74vvzfoJVIEB","baseKeyType":1,"closed":-1,"used":1721227117328,"created":1721227117328,"remoteIdentityKey":"BSgnvJNtIKtnbIOXiRHai1Hw/DLY+mFweVfWdH5OpxpS"},"_chains":{"BQeQBmVhxOXfVt4zctm7dIGzOaTLARXxUkXPofdoZT5x":{"chainKey":{"counter":0,"key":"jVTTdtyar1hihiZkpXMM9jTNAIF3xJE5y7V6F6AOtPY="},"chainType":1,"messageKeys":{}}},"pendingPreKey":{"signedKeyId":0,"baseKey":"BdSgRuOnRwv2UCzgecLwW1k7nZNT6bMJ74vvzfoJVIEB","preKeyId":8856415}}},"version":"v1"}