{"_sessions":{"BRZ+WimmHa7OpYqObyNvk1Hi0KS1rNB4rXnbq+9mv/Q4":{"registrationId":15038,"currentRatchet":{"ephemeralKeyPair":{"pubKey":"BcnrFifD/Vwm7seRfDnpfi2llHX+LlwJQ6XwxJKUNSsf","privKey":"6JDprQO8JRq3V51cgxz6Xh9+zLjyCflt6BH2yYLyUFg="},"lastRemoteEphemeralKey":"BZOXENlGLBpgQJIV8tvhv+dA+3UyUeK29U8KIwouEnZi","previousCounter":0,"rootKey":"9H9fD1UiK1z7B+j+BAytvXgi6w2InDBokQD3nAvvGOA="},"indexInfo":{"baseKey":"BRZ+WimmHa7OpYqObyNvk1Hi0KS1rNB4rXnbq+9mv/Q4","baseKeyType":1,"closed":-1,"used":1721227115747,"created":1721227115747,"remoteIdentityKey":"BbmK4j7PqJgFWV0w4ZfX/Pl0B+An+I6aWpz/yiJBbQF9"},"_chains":{"BcnrFifD/Vwm7seRfDnpfi2llHX+LlwJQ6XwxJKUNSsf":{"chainKey":{"counter":0,"key":"T0LhtMkdcffYDeIt6tGHOe2/2kJGPghYVtYXco7i9yk="},"chainType":1,"messageKeys":{}}},"pendingPreKey":{"signedKeyId":1,"baseKey":"BRZ+WimmHa7OpYqObyNvk1Hi0KS1rNB4rXnbq+9mv/Q4","preKeyId":5447}}},"version":"v1"}