{"_sessions":{"BapkDcuNimgoB85sihjX5SBTjagtJsdsrb5rXycnkwgv":{"registrationId":1630616975,"currentRatchet":{"ephemeralKeyPair":{"pubKey":"BQAvdoqPHX3zyiLNSnGVQYAUP27zI0VMM3WZr7ntm1BB","privKey":"UFVVBrtclV+Vnf5hD+iANXNc7nh1ywpBemaEA824Inc="},"lastRemoteEphemeralKey":"BZb/1HZA5PmnI+yHSpBRvfpv3M3iSWwmJJFxfCb3WyRu","previousCounter":0,"rootKey":"vI85mzUfOFoJADuVZ4sPt/Fi03Uc2TmkDbROPHuGziA="},"indexInfo":{"baseKey":"BapkDcuNimgoB85sihjX5SBTjagtJsdsrb5rXycnkwgv","baseKeyType":1,"closed":1721227178757,"used":1721227175905,"created":1721227175905,"remoteIdentityKey":"BeM3uttfgYaWfM1e3q1AMsQ07/s6wnpwf+VbLZ4got93"},"_chains":{"BQAvdoqPHX3zyiLNSnGVQYAUP27zI0VMM3WZr7ntm1BB":{"chainKey":{"counter":-1,"key":"gp0glD/BciML9r1lB+S2iM6ekbkOoRDJPXOWPlAFs9k="},"chainType":1,"messageKeys":{}}},"pendingPreKey":{"signedKeyId":4,"baseKey":"BapkDcuNimgoB85sihjX5SBTjagtJsdsrb5rXycnkwgv","preKeyId":6322853}},"BbH1SGERbnvaGDs4VgR4fwazo9OUKzXTM4A9pXzimdFU":{"registrationId":1630616975,"currentRatchet":{"ephemeralKeyPair":{"pubKey":"Bc9vnVCirZGYKvjZ1SO9y6hTq8lmX1gDqpLGR+YTyQl/","privKey":"ABQ/4QnDNeOkO9IaySq/BpGh3SLBmk+Y1vh1h3PG7Ek="},"lastRemoteEphemeralKey":"BZb/1HZA5PmnI+yHSpBRvfpv3M3iSWwmJJFxfCb3WyRu","previousCounter":0,"rootKey":"kupiL2qxzOWCJvIwgcZIb/aVwrfel4r2oq2tmpltClw="},"indexInfo":{"baseKey":"BbH1SGERbnvaGDs4VgR4fwazo9OUKzXTM4A9pXzimdFU","baseKeyType":1,"closed":-1,"used":1721227178755,"created":1721227178755,"remoteIdentityKey":"BeM3uttfgYaWfM1e3q1AMsQ07/s6wnpwf+VbLZ4got93"},"_chains":{"Bc9vnVCirZGYKvjZ1SO9y6hTq8lmX1gDqpLGR+YTyQl/":{"chainKey":{"counter":1,"key":"3PQ6j3TKzWiZc9BTtQLZlKw2gIuYjNefJoYGeZoodvQ="},"chainType":1,"messageKeys":{}}},"pendingPreKey":{"signedKeyId":4,"baseKey":"BbH1SGERbnvaGDs4VgR4fwazo9OUKzXTM4A9pXzimdFU","preKeyId":6322728}}},"version":"v1"}