{"_sessions":{"BeWV0fod6hw88kl4biZ8cBg6Ov/TjMxejYttU02Kvlhq":{"registrationId":449477326,"currentRatchet":{"ephemeralKeyPair":{"pubKey":"BSdSLq71DCL52V9mn4xaUnURJGocz38SCp9oCpLa/0IX","privKey":"uNWPDNxeQOgIf5aYXrbcBotnP38GQsfkQ9Prh61DlVI="},"lastRemoteEphemeralKey":"BZphYc0HR5O5ASlPUNy2wH2xSemVWRUct850sil2L5EN","previousCounter":0,"rootKey":"j4m3GHcVvmftIpJ2u+qvl/FYR59W0GhhuG/hS5f1CGg="},"indexInfo":{"baseKey":"BeWV0fod6hw88kl4biZ8cBg6Ov/TjMxejYttU02Kvlhq","baseKeyType":1,"closed":1721227178901,"used":1721227175937,"created":1721227175937,"remoteIdentityKey":"BaCBoLnqbUTsGOCiMT+VVIntk/1TPnyzKK6+SkgsdfED"},"_chains":{"BSdSLq71DCL52V9mn4xaUnURJGocz38SCp9oCpLa/0IX":{"chainKey":{"counter":-1,"key":"Zqop3Ud295HTJoDbZaC66Y38A2wiB0BZ3wZhknU3n7g="},"chainType":1,"messageKeys":{}}},"pendingPreKey":{"signedKeyId":4,"baseKey":"BeWV0fod6hw88kl4biZ8cBg6Ov/TjMxejYttU02Kvlhq","preKeyId":2671268}},"BYEmviSWvoaigwdOa5DbHjV++6GPd+zQGuYBxUTcNaon":{"registrationId":449477326,"currentRatchet":{"ephemeralKeyPair":{"pubKey":"BTF6vXsK8DT9G33U2Jp9U50n0seNmNJ5lrOWOsHJ17RF","privKey":"yOsorKdJeiDVx2PToTSS5Plzpf2S2pS1B+oucYlh41I="},"lastRemoteEphemeralKey":"BZphYc0HR5O5ASlPUNy2wH2xSemVWRUct850sil2L5EN","previousCounter":0,"rootKey":"f6tzVf6phGambVnZ68NqC9IHRF6Ab4QVTTz07GS6ef8="},"indexInfo":{"baseKey":"BYEmviSWvoaigwdOa5DbHjV++6GPd+zQGuYBxUTcNaon","baseKeyType":1,"closed":-1,"used":1721227178900,"created":1721227178899,"remoteIdentityKey":"BaCBoLnqbUTsGOCiMT+VVIntk/1TPnyzKK6+SkgsdfED"},"_chains":{"BTF6vXsK8DT9G33U2Jp9U50n0seNmNJ5lrOWOsHJ17RF":{"chainKey":{"counter":1,"key":"3jrPUc3Jgb5O0tltorWcImZFqqGQR7G9VN17wR3fkAk="},"chainType":1,"messageKeys":{}}},"pendingPreKey":{"signedKeyId":4,"baseKey":"BYEmviSWvoaigwdOa5DbHjV++6GPd+zQGuYBxUTcNaon","preKeyId":2671222}}},"version":"v1"}