{"_sessions":{"BezOxt45dUthaFjUrPkKPBPYOpHy6O1S7OZHSNdiMR9O":{"registrationId":247340848,"currentRatchet":{"ephemeralKeyPair":{"pubKey":"BWMuU47/IwUCGzlsRTPAnxGSmnFcAWp5RpA75AvEfLhL","privKey":"EMU9ciMPHiDOJKI1kUee06wFFn3rYdWctoyW2rDAvF8="},"lastRemoteEphemeralKey":"Be2CuLEE6KmK0HXCnfHMatewoaiSxbv66qaecmNRHWQi","previousCounter":0,"rootKey":"vN3kENYIYdGH8uVmVl2vgBuxTxwYLVs0X+Mw6xMShyA="},"indexInfo":{"baseKey":"BezOxt45dUthaFjUrPkKPBPYOpHy6O1S7OZHSNdiMR9O","baseKeyType":1,"closed":-1,"used":1721227117023,"created":1721227117023,"remoteIdentityKey":"BVYt+e1aLJiV5eyYcwgxmQOHCd5XViYJ5EGFZgq7lK0h"},"_chains":{"BWMuU47/IwUCGzlsRTPAnxGSmnFcAWp5RpA75AvEfLhL":{"chainKey":{"counter":0,"key":"uXgvA6naLcsOlggbPlQxIhTSVpsATLlDbOmLcZlOb2E="},"chainType":1,"messageKeys":{}}},"pendingPreKey":{"signedKeyId":2,"baseKey":"BezOxt45dUthaFjUrPkKPBPYOpHy6O1S7OZHSNdiMR9O","preKeyId":5575094}}},"version":"v1"}