{"_sessions":{"BSaUoVskGurweQu9EWqK72TrUQI8ePTNk1WyR/+3U1Ad":{"registrationId":15791,"currentRatchet":{"ephemeralKeyPair":{"pubKey":"BRm/WwA5IncEUWy0RnThTTPnnF1Srk0f+xEXNoRGAtpI","privKey":"qMu44dNvVg18n8D374zCsnSlJ/jYv5JGnd2jvhISTUY="},"lastRemoteEphemeralKey":"BcfvjR3Azr/sOOcyYzxoiat/kmMmU5atpv32c9dJSrsM","previousCounter":0,"rootKey":"flvO4bJkdoRTgSRfrNpOVwNgbzqeLhgwBEigmJRQ6hc="},"indexInfo":{"baseKey":"BSaUoVskGurweQu9EWqK72TrUQI8ePTNk1WyR/+3U1Ad","baseKeyType":1,"closed":-1,"used":1721227115835,"created":1721227115835,"remoteIdentityKey":"BaCxhDIIplvryPXOfsa5VVdbWk2mWiLnUw86fjdOcE0m"},"_chains":{"BRm/WwA5IncEUWy0RnThTTPnnF1Srk0f+xEXNoRGAtpI":{"chainKey":{"counter":0,"key":"ASIrQ9dGRf4/rbzDJNSmPE2mKUw47F66U6oAAvXW/Lo="},"chainType":1,"messageKeys":{}}},"pendingPreKey":{"signedKeyId":1,"baseKey":"BSaUoVskGurweQu9EWqK72TrUQI8ePTNk1WyR/+3U1Ad","preKeyId":490}}},"version":"v1"}