{"_sessions":{"BR1PZhSMgyEsTxol5YTXRlYf61I7Ab99jxuJum7EzNgH":{"registrationId":617562156,"currentRatchet":{"ephemeralKeyPair":{"pubKey":"BeBBhvjHfYgRusShrHUHabF2pXr606KU3HlwFDaVlP4W","privKey":"SB0CEgXyGxvXPoKI6vKHOB7uo0x81U+NUcpTUu0j2n4="},"lastRemoteEphemeralKey":"BZ4FbKQixkfnOAPQTs/1bCaWnuiTsl3J9cHUsWHJxPNr","previousCounter":0,"rootKey":"cFhX0Ra9Fu4zFARXXTxM/q7lD2oZjna7spGbMnRlLfk="},"indexInfo":{"baseKey":"BR1PZhSMgyEsTxol5YTXRlYf61I7Ab99jxuJum7EzNgH","baseKeyType":1,"closed":1721227177690,"used":1721227175520,"created":1721227175520,"remoteIdentityKey":"BbXgbxRnBToQbEklZxMCQ2axw95dUijCQ9k0QR8IsilN"},"_chains":{"BeBBhvjHfYgRusShrHUHabF2pXr606KU3HlwFDaVlP4W":{"chainKey":{"counter":-1,"key":"ILthplByk17o2oI2XsKQsGsmFW/NO0IVMuxmuG5Ylis="},"chainType":1,"messageKeys":{}}},"pendingPreKey":{"signedKeyId":0,"baseKey":"BR1PZhSMgyEsTxol5YTXRlYf61I7Ab99jxuJum7EzNgH","preKeyId":13146538}},"BfuiWmQsffBCdSFgjjV3J+xhRXdM7BzjLXISZYp265NL":{"registrationId":617562156,"currentRatchet":{"ephemeralKeyPair":{"pubKey":"BZSgtmIkJZ6tn9w8OCdGmTc8p1KYJ06NMdGRFAScmstl","privKey":"0GsCANGlKt7daAJFmRBLlQVvsOvYKnKVN2prcMtZfV8="},"lastRemoteEphemeralKey":"BZ4FbKQixkfnOAPQTs/1bCaWnuiTsl3J9cHUsWHJxPNr","previousCounter":0,"rootKey":"kumITej9IFi3h1LFZMskjgB2pCVGUyPg39AK7I7MKQ4="},"indexInfo":{"baseKey":"BfuiWmQsffBCdSFgjjV3J+xhRXdM7BzjLXISZYp265NL","baseKeyType":1,"closed":-1,"used":1721227177689,"created":1721227177689,"remoteIdentityKey":"BbXgbxRnBToQbEklZxMCQ2axw95dUijCQ9k0QR8IsilN"},"_chains":{"BZSgtmIkJZ6tn9w8OCdGmTc8p1KYJ06NMdGRFAScmstl":{"chainKey":{"counter":1,"key":"+ZZMfjc8a0wBlaMVPc8r6peyQHedyP8kZ3TUhI/o+iI="},"chainType":1,"messageKeys":{}}},"pendingPreKey":{"signedKeyId":0,"baseKey":"BfuiWmQsffBCdSFgjjV3J+xhRXdM7BzjLXISZYp265NL","preKeyId":13146665}}},"version":"v1"}