{"_sessions":{"BUTD3O28sYmyMKXsBtMqqcVMkJFQEXNKoKYWYyAERWtl":{"registrationId":1290406034,"currentRatchet":{"ephemeralKeyPair":{"pubKey":"BcPG4HPFqzsi3tXo8rWlvjFy5B7fs+w4hJwXtWUvV55I","privKey":"yB8/MFjaqx44E1MCQ/CF6KPD4l78ljnoaAMeNScqaHc="},"lastRemoteEphemeralKey":"Bd8XN78r/PPs1Gz6dM+OGEWIgBXSi8WlabQ/UohzwFA8","previousCounter":0,"rootKey":"ctfOYL6TZy145CryGht0ugzcz85xc/Tb+AUTaoU2eNM="},"indexInfo":{"baseKey":"BUTD3O28sYmyMKXsBtMqqcVMkJFQEXNKoKYWYyAERWtl","baseKeyType":1,"closed":-1,"used":1721227116514,"created":1721227116514,"remoteIdentityKey":"BYXSc51xrxckFzpgfi1xWVWHsIVRlKQxCQkY0O3MVuph"},"_chains":{"BcPG4HPFqzsi3tXo8rWlvjFy5B7fs+w4hJwXtWUvV55I":{"chainKey":{"counter":0,"key":"t27VZPNV3Upx/in1ZajLuzNW7lPwVDGewPh2AfLKK88="},"chainType":1,"messageKeys":{}}},"pendingPreKey":{"signedKeyId":1,"baseKey":"BUTD3O28sYmyMKXsBtMqqcVMkJFQEXNKoKYWYyAERWtl","preKeyId":16318638}}},"version":"v1"}