{"_sessions":{"BemQ6Ipf6vz2IF8l2YwN3hHUL2r9Ly/fZOsR7gmP4iRV":{"registrationId":625009676,"currentRatchet":{"ephemeralKeyPair":{"pubKey":"BZYAb0Duny10mbdoDg9TfhcQAbRF2ngO63pEWnWXEPYs","privKey":"yBTyNL3VghaGZaRzOYyoj7jseds9jp8PEFPH44F3D20="},"lastRemoteEphemeralKey":"BRPqdIupKH65RR2j0ES98xE5BNVQqUUahESk/K9XKgda","previousCounter":0,"rootKey":"v2vVouebExqCdqHeJMvAUWg3r1sH021JJa5sAQY0q3o="},"indexInfo":{"baseKey":"BemQ6Ipf6vz2IF8l2YwN3hHUL2r9Ly/fZOsR7gmP4iRV","baseKeyType":1,"closed":-1,"used":1721227117586,"created":1721227117586,"remoteIdentityKey":"BdyrlwAU9iYSNmA7q6m8t48dUKXdmQaTnJmyCcalJvwU"},"_chains":{"BZYAb0Duny10mbdoDg9TfhcQAbRF2ngO63pEWnWXEPYs":{"chainKey":{"counter":0,"key":"j75DbU7ZAxgHYT1QWL/QKXDGqwI0eLItRDqdjxlQ/Xs="},"chainType":1,"messageKeys":{}}},"pendingPreKey":{"signedKeyId":1,"baseKey":"BemQ6Ipf6vz2IF8l2YwN3hHUL2r9Ly/fZOsR7gmP4iRV"}}},"version":"v1"}