{"_sessions":{"BX2sx79v2ENKS9l0yIhm3+ZctblfsIMmfxXVzJkGQWZ4":{"registrationId":521909306,"currentRatchet":{"ephemeralKeyPair":{"pubKey":"BQI1RxjED9+sLWGwSOy17bFFQEjHbYJWbife0dcJQtoh","privKey":"gBlkzPWJz+rLZBwaEY4njfz7t5sZTkurlfCVnqLAQXA="},"lastRemoteEphemeralKey":"Bfn81scqmyIyOFqXfAxQoznEUKshSctm7gxzKeg5LWF+","previousCounter":0,"rootKey":"rRJA3++u9AnRsn1WFthZI7HopKuvuHLp8ZQgNv1mrTc="},"indexInfo":{"baseKey":"BX2sx79v2ENKS9l0yIhm3+ZctblfsIMmfxXVzJkGQWZ4","baseKeyType":1,"closed":1721227178141,"used":1721227175617,"created":1721227175617,"remoteIdentityKey":"Bdsp50Osf/w/XsRQgrEzVhmgtcWf4QgvShR5Bh6n3WI1"},"_chains":{"BQI1RxjED9+sLWGwSOy17bFFQEjHbYJWbife0dcJQtoh":{"chainKey":{"counter":-1,"key":"H97HwP9z7REBJsTn5hd4JuC6pcjkkaOWe6EifY/Zz80="},"chainType":1,"messageKeys":{}}},"pendingPreKey":{"signedKeyId":13,"baseKey":"BX2sx79v2ENKS9l0yIhm3+ZctblfsIMmfxXVzJkGQWZ4","preKeyId":1398474}},"Bd1Im+bhuzf8glplSVMXoRCZT/0ewE2KbZ3TZcwZRbYE":{"registrationId":521909306,"currentRatchet":{"ephemeralKeyPair":{"pubKey":"BR3xHFxYp7VM6Xc3GIohLNcsn5Bbe24mxufq+lEoYHYS","privKey":"eOO8LQknnj66U7Y55fJ9195MgdJg7jcedy+SANjlmGo="},"lastRemoteEphemeralKey":"Bfn81scqmyIyOFqXfAxQoznEUKshSctm7gxzKeg5LWF+","previousCounter":0,"rootKey":"IBVj6e6dicobuIzjnhkz9wKDhhbuDv2Pehqc4rv2c2E="},"indexInfo":{"baseKey":"Bd1Im+bhuzf8glplSVMXoRCZT/0ewE2KbZ3TZcwZRbYE","baseKeyType":1,"closed":-1,"used":1721227178137,"created":1721227178137,"remoteIdentityKey":"Bdsp50Osf/w/XsRQgrEzVhmgtcWf4QgvShR5Bh6n3WI1"},"_chains":{"BR3xHFxYp7VM6Xc3GIohLNcsn5Bbe24mxufq+lEoYHYS":{"chainKey":{"counter":1,"key":"lr7h7z3koHDjmNk+xAIWFl6IDNquwN+IhT7F+dJtc+E="},"chainType":1,"messageKeys":{}}},"pendingPreKey":{"signedKeyId":13,"baseKey":"Bd1Im+bhuzf8glplSVMXoRCZT/0ewE2KbZ3TZcwZRbYE","preKeyId":1398495}}},"version":"v1"}