{"_sessions":{"BSHLbD62ZZRk0W928Gil9niJKQml+GKEXKWmiy8/z113":{"registrationId":3816,"currentRatchet":{"ephemeralKeyPair":{"pubKey":"BR6qCBedjtlKA9t366deZ/k0OBIZcX72FYSRMhojAeIu","privKey":"4E/G2F2NShjZGQMW6KeA0A/lPJvcejtIzZmntxX1bVk="},"lastRemoteEphemeralKey":"BRJ2URHe2m/30ElryFZTIbVl2Wk9/A4gX3fbTV48x9VX","previousCounter":0,"rootKey":"bzkR7sKXAi5EoE2gshh69foAY3YOATcCpygMhvtQt+I="},"indexInfo":{"baseKey":"BSHLbD62ZZRk0W928Gil9niJKQml+GKEXKWmiy8/z113","baseKeyType":1,"closed":-1,"used":1721227116234,"created":1721227116234,"remoteIdentityKey":"BUGm21UPVIUT9Ine2/2pLJZYHDe+NVzLTD7um8E/Xy06"},"_chains":{"BR6qCBedjtlKA9t366deZ/k0OBIZcX72FYSRMhojAeIu":{"chainKey":{"counter":0,"key":"40/yzLIW2MyzgEFLhHKIhmJb3QicU5wCiBAj+IHAw5w="},"chainType":1,"messageKeys":{}}},"pendingPreKey":{"signedKeyId":1,"baseKey":"BSHLbD62ZZRk0W928Gil9niJKQml+GKEXKWmiy8/z113"}}},"version":"v1"}