{"_sessions":{"BRbycOLJhew/1AUIRTH/1mQTq4Qj5+/riTTyoxOx7NpU":{"registrationId":709,"currentRatchet":{"ephemeralKeyPair":{"pubKey":"BcSZUzdkxziKBJRdR1Su/cUXUiI7M51EBv9uliN+jQM5","privKey":"cCY+G89njeocfZZVDkeuMkbbiDORz6D0AOHOGNgqnGA="},"lastRemoteEphemeralKey":"BaX0aSyog3tkiu1JDX9MnB/ext6fiMA5YgRG/HthEKN7","previousCounter":0,"rootKey":"8CNxO7f8Ej2+IpRVI9BcPyEanIkrlsZZyD9kUmGRGCM="},"indexInfo":{"baseKey":"BRbycOLJhew/1AUIRTH/1mQTq4Qj5+/riTTyoxOx7NpU","baseKeyType":1,"closed":-1,"used":1721227115920,"created":1721227115920,"remoteIdentityKey":"BUvQ6Uxc2Z3YP7QWZ+o/wIWd5Vg4eTvq6yvgA/vOnYNZ"},"_chains":{"BcSZUzdkxziKBJRdR1Su/cUXUiI7M51EBv9uliN+jQM5":{"chainKey":{"counter":0,"key":"QxvkeosWP4c4oKmAZKpa40NeDeHEFsDYfGVeueWlzas="},"chainType":1,"messageKeys":{}}},"pendingPreKey":{"signedKeyId":1,"baseKey":"BRbycOLJhew/1AUIRTH/1mQTq4Qj5+/riTTyoxOx7NpU","preKeyId":1274}}},"version":"v1"}