{"_sessions":{"BTn7E17nBxRRrcJ37MD1+kxMns3Azvlf2HIDxC5IuDVV":{"registrationId":168784435,"currentRatchet":{"ephemeralKeyPair":{"pubKey":"BRTcXzu8nssq2au7utXdl2TimA+GPpFYjVuB54ohA1Ed","privKey":"4EXuHE0qxHOUkCw4Jq3CBZCnnd3fdzY4u++XDgslX1g="},"lastRemoteEphemeralKey":"BeFs7YyGp54d1wY7fPieyOiuSNWAd6oQ2IJRiFkGrAIt","previousCounter":0,"rootKey":"isb1iGdtozvFfoc+sQpZ7CJsv7DRNlxfkPBDTWjo1VA="},"indexInfo":{"baseKey":"BTn7E17nBxRRrcJ37MD1+kxMns3Azvlf2HIDxC5IuDVV","baseKeyType":1,"closed":-1,"used":1721227116817,"created":1721227116817,"remoteIdentityKey":"BUvRlFoThRMtp0dKX+yU30pUk1hgoG972PtKxvVM9X9E"},"_chains":{"BRTcXzu8nssq2au7utXdl2TimA+GPpFYjVuB54ohA1Ed":{"chainKey":{"counter":0,"key":"fgAf7H5n7BrzKzy3+QwmINzUaj+spwE8zOSpmPuJBPU="},"chainType":1,"messageKeys":{}}},"pendingPreKey":{"signedKeyId":2,"baseKey":"BTn7E17nBxRRrcJ37MD1+kxMns3Azvlf2HIDxC5IuDVV","preKeyId":4668231}}},"version":"v1"}