{"_sessions":{"BRUZCoRY8/aAcixjPp0XorjYHv3UJylP86oHEzC5ICIO":{"registrationId":5615,"currentRatchet":{"ephemeralKeyPair":{"pubKey":"Beidj9sszOc+hlsszz/S+G3vU659W2LJuxjYjiiy14xc","privKey":"WN42iVaMDhCXhAEN5R+DE0he1GLIeFfPDbzz2jNJK3I="},"lastRemoteEphemeralKey":"BWGahdR/mkjFgPtzrbMjNyTRYy4JXDDyeLt1y5TREm0O","previousCounter":0,"rootKey":"/RnYFcyfEqsqZM8drumF/ddwcaFA91MJs/r3pZiwl90="},"indexInfo":{"baseKey":"BRUZCoRY8/aAcixjPp0XorjYHv3UJylP86oHEzC5ICIO","baseKeyType":1,"closed":-1,"used":1721227115751,"created":1721227115751,"remoteIdentityKey":"BeEMb+Ntf6Os64vX5Po8t0Auj8pFNCzv4n8kOe8q75s2"},"_chains":{"Beidj9sszOc+hlsszz/S+G3vU659W2LJuxjYjiiy14xc":{"chainKey":{"counter":0,"key":"h9z9zDjXmqoZHbgUO1f7h3NAVe0WsGtx0ciEo+DLozE="},"chainType":1,"messageKeys":{}}},"pendingPreKey":{"signedKeyId":1,"baseKey":"BRUZCoRY8/aAcixjPp0XorjYHv3UJylP86oHEzC5ICIO"}}},"version":"v1"}