{"_sessions":{"Bb4JmhEgVY/c7LU8BJnqNqbC4Ksn0pwNf2ckWNoVSpo5":{"registrationId":808416068,"currentRatchet":{"ephemeralKeyPair":{"pubKey":"BV618M9QKBqPfV5z0ErKi+Vhqk7kfHRheSU9RSVVz8pv","privKey":"oCQtyi4G/EVKClbvARL8nv/R/Ls9s0jQNyrB2CKfCmQ="},"lastRemoteEphemeralKey":"BRPfqyPE9UVl59FhGysgkVLQzaiuvN9lkBelWmu7McRs","previousCounter":0,"rootKey":"jMj42FK1y9HzXvz50fPv8LvcbqBhZeyfJ+RI1FDYdc8="},"indexInfo":{"baseKey":"Bb4JmhEgVY/c7LU8BJnqNqbC4Ksn0pwNf2ckWNoVSpo5","baseKeyType":1,"closed":-1,"used":1721227116823,"created":1721227116823,"remoteIdentityKey":"BTwFulgal9eviP9XjZInCmbxC+0/gE2+UI1yOJN4j4RR"},"_chains":{"BV618M9QKBqPfV5z0ErKi+Vhqk7kfHRheSU9RSVVz8pv":{"chainKey":{"counter":0,"key":"wdwMSLhF3F+APakDEMOsBm6UyJQcpOoHGHEXoVnHlRg="},"chainType":1,"messageKeys":{}}},"pendingPreKey":{"signedKeyId":23,"baseKey":"Bb4JmhEgVY/c7LU8BJnqNqbC4Ksn0pwNf2ckWNoVSpo5","preKeyId":5627158}}},"version":"v1"}