{"_sessions":{"BbEi0uEaeBESqTw5xHfreGVFPlQ+qogLYknZX3nHNHxJ":{"registrationId":1934800693,"currentRatchet":{"ephemeralKeyPair":{"pubKey":"BYX/o4xpkgvpqb8PnPsk2oKMbw3tH+MuCyT0+Mr63YQn","privKey":"GNuUWdex0JoPSG9LlUPoroAAzSA18CcFZinNWnCEnEY="},"lastRemoteEphemeralKey":"BcQsj3al0flpMVREm1/A0GqnC9j98ElaY3Hx0dwlPXob","previousCounter":0,"rootKey":"7kupk7iG5HKgR/zny6EiBpMtyWDfuIOXSpKSolPtzZs="},"indexInfo":{"baseKey":"BbEi0uEaeBESqTw5xHfreGVFPlQ+qogLYknZX3nHNHxJ","baseKeyType":1,"closed":-1,"used":1721227116427,"created":1721227116427,"remoteIdentityKey":"BVCGvhB5X0Bb98SO1YH6CRT9/yGJrTBc6sk68clUz8ow"},"_chains":{"BYX/o4xpkgvpqb8PnPsk2oKMbw3tH+MuCyT0+Mr63YQn":{"chainKey":{"counter":0,"key":"Nra+R/O9ayuLTslLOWr6Lss7gsqsbfmXe1Eh9gwizvY="},"chainType":1,"messageKeys":{}}},"pendingPreKey":{"signedKeyId":0,"baseKey":"BbEi0uEaeBESqTw5xHfreGVFPlQ+qogLYknZX3nHNHxJ"}}},"version":"v1"}