{"_sessions":{"BZf8xRj/HvvlomYJq+sJGOSOXNSPbXNTZAW3MByOU3JM":{"registrationId":1217927578,"currentRatchet":{"ephemeralKeyPair":{"pubKey":"BddjZG4wL3lGqtNoauPhZJxoMcy6aEDtbmeOzIi0dcBg","privKey":"eGIwIZjgi/P1l+OPqGSiJXWok6M9YUP9NQnCtUuusXY="},"lastRemoteEphemeralKey":"Bf4Xr7LLJjFCeXXNk6LME+DHXELFNkaiIl7I4eUnrXwl","previousCounter":0,"rootKey":"u0Gvk/0DeEfbZXkPHCGJaFafrPtTPZN8X4PRjgV8skk="},"indexInfo":{"baseKey":"BZf8xRj/HvvlomYJq+sJGOSOXNSPbXNTZAW3MByOU3JM","baseKeyType":1,"closed":-1,"used":1721227116335,"created":1721227116335,"remoteIdentityKey":"BcEIwMKP1MEbGNC05i973QMpM0M7OiaOqE3lqxZxrMFB"},"_chains":{"BddjZG4wL3lGqtNoauPhZJxoMcy6aEDtbmeOzIi0dcBg":{"chainKey":{"counter":0,"key":"0uRQ1yPWwZND74YwOEcRLvogeUHbpZg0b1Fl5Ihz8ms="},"chainType":1,"messageKeys":{}}},"pendingPreKey":{"signedKeyId":0,"baseKey":"BZf8xRj/HvvlomYJq+sJGOSOXNSPbXNTZAW3MByOU3JM"}}},"version":"v1"}