{"_sessions":{"BfGujrQ+yeDLcOTS127/ItzLrgDwgPYrfzvCdRsdiV9Y":{"registrationId":69,"currentRatchet":{"ephemeralKeyPair":{"pubKey":"BX64zrQwzA5YWMLsEKja5FfMgZ0FK9BC4qAEaBtHXtMA","privKey":"sAjVUrH+PNAJd9vkO+nFN6xOZL7vMYWpaQ9ZWMGq+3s="},"lastRemoteEphemeralKey":"BRvKBC4WUchodXbuMvOOPCH3Uw1NX/Or548A6fN5+hJE","previousCounter":0,"rootKey":"ua/LOyESZSvy6MkQM7QHJ85p4ukTGo1Mgvqd7yZdIQY="},"indexInfo":{"baseKey":"BfGujrQ+yeDLcOTS127/ItzLrgDwgPYrfzvCdRsdiV9Y","baseKeyType":1,"closed":1721227176909,"used":1721227175222,"created":1721227175222,"remoteIdentityKey":"BeLveS9SEzREdwHmOVJw1pe9ea2oFfaGnWeP1D2oBUNw"},"_chains":{"BX64zrQwzA5YWMLsEKja5FfMgZ0FK9BC4qAEaBtHXtMA":{"chainKey":{"counter":-1,"key":"Zqp9KJoTBZOHuf5E/6RzAq5JQVccfYZzes4Wol4XLdY="},"chainType":1,"messageKeys":{}}},"pendingPreKey":{"signedKeyId":1,"baseKey":"BfGujrQ+yeDLcOTS127/ItzLrgDwgPYrfzvCdRsdiV9Y"}},"BdunyoO/yyyESQSYImCLKLIM0y11/ttEFWmjFtRrvxwt":{"registrationId":69,"currentRatchet":{"ephemeralKeyPair":{"pubKey":"BRKtydeBwYTKCTzzClLq+tn5xZk3D+ZPRSIAbiuO41xG","privKey":"AD8M1XaSOILWnRHFebp+rTgsP+QT+GKOvUcRi2mBPWY="},"lastRemoteEphemeralKey":"BRvKBC4WUchodXbuMvOOPCH3Uw1NX/Or548A6fN5+hJE","previousCounter":0,"rootKey":"JmLNr1f8ADtauQfXlYyvN0aofUkNI6JafiZbqFSvBuk="},"indexInfo":{"baseKey":"BdunyoO/yyyESQSYImCLKLIM0y11/ttEFWmjFtRrvxwt","baseKeyType":1,"closed":-1,"used":1721227176906,"created":1721227176906,"remoteIdentityKey":"BeLveS9SEzREdwHmOVJw1pe9ea2oFfaGnWeP1D2oBUNw"},"_chains":{"BRKtydeBwYTKCTzzClLq+tn5xZk3D+ZPRSIAbiuO41xG":{"chainKey":{"counter":1,"key":"HO8fG70af7TYPP/2DUsBc+ET+wsfsPIbodu0/6/AhwE="},"chainType":1,"messageKeys":{}}},"pendingPreKey":{"signedKeyId":1,"baseKey":"BdunyoO/yyyESQSYImCLKLIM0y11/ttEFWmjFtRrvxwt"}}},"version":"v1"}