{"_sessions":{"BYzQOaEnPsbfbdggYv6Ez2zxFAPZNj0O4QXU1Lm+e9Yg":{"registrationId":1440664866,"currentRatchet":{"ephemeralKeyPair":{"pubKey":"BcQrEKrf/MsGEl9CN7/7KtSuTOxwnGNXiB2gVj7rMAhr","privKey":"aDtsvF+W8ogMPIfNvI3Z7JrupIBYiahkGlf6zb/ci0k="},"lastRemoteEphemeralKey":"BdlcK2Ky1H1qU8H5JjEye9B6bVJpdEsF/7CURgUYKLR8","previousCounter":0,"rootKey":"f15e7bCkYFhUT+ckE5ycDh5DG93ObbhShrPokiWvBK0="},"indexInfo":{"baseKey":"BYzQOaEnPsbfbdggYv6Ez2zxFAPZNj0O4QXU1Lm+e9Yg","baseKeyType":1,"closed":-1,"used":1721227116648,"created":1721227116648,"remoteIdentityKey":"BbTH915GbZMgPH4hdhiSmoLh4+d85hWJpDI0K76asuEx"},"_chains":{"BcQrEKrf/MsGEl9CN7/7KtSuTOxwnGNXiB2gVj7rMAhr":{"chainKey":{"counter":0,"key":"ELQLQjZL205kBeu3lpfZ0lrB6q02CTtqggugHVuzuEI="},"chainType":1,"messageKeys":{}}},"pendingPreKey":{"signedKeyId":2,"baseKey":"BYzQOaEnPsbfbdggYv6Ez2zxFAPZNj0O4QXU1Lm+e9Yg","preKeyId":10746800}}},"version":"v1"}