{"_sessions":{"BbY/+8y2DDEogVMrIr0t7fLJ1XgWQyUKK1fAlqd37fct":{"registrationId":2140278412,"currentRatchet":{"ephemeralKeyPair":{"pubKey":"BYSNeTQT3Y0RYoDHJfqTE5jxnFrJY80SZ6zRYibwKa9J","privKey":"2Gt6Klq0PW8URInPQ/kTbz8srg2AW3Pzn7KMv2Jqw1g="},"lastRemoteEphemeralKey":"BZdgCkQFKMFebGqtiZPIq3gsWaP7EEmK0oeAFd3TII8N","previousCounter":0,"rootKey":"jqQdhOYKD0fWkXQt4Yl2/YD3Y882W+wUNPNOSKdB00s="},"indexInfo":{"baseKey":"BbY/+8y2DDEogVMrIr0t7fLJ1XgWQyUKK1fAlqd37fct","baseKeyType":1,"closed":-1,"used":1721227117110,"created":1721227117110,"remoteIdentityKey":"BSf7fiHCtbALQk7Tot94Cu6cwDK4sxF4f3ieZ+IIyWtI"},"_chains":{"BYSNeTQT3Y0RYoDHJfqTE5jxnFrJY80SZ6zRYibwKa9J":{"chainKey":{"counter":0,"key":"PpsHpxGWN5lDZdbokvxnCvOjiCSesT2jze9/op39IPI="},"chainType":1,"messageKeys":{}}},"pendingPreKey":{"signedKeyId":4,"baseKey":"BbY/+8y2DDEogVMrIr0t7fLJ1XgWQyUKK1fAlqd37fct"}}},"version":"v1"}