{"_sessions":{"BUEUD7ojS6e9ixTUpgmpK8fjkf9kLEUhLD0c6ZESeIYj":{"registrationId":1708,"currentRatchet":{"ephemeralKeyPair":{"pubKey":"BWXIm5rhla/o8S/OLovgvo4ocfJXrA3Nw/tzQftGhptt","privKey":"sHWWig2Fg21LVo/CA62VEcxVnvna7av8YKgQHf13b1s="},"lastRemoteEphemeralKey":"Bf8oFwjAMl0CxMZvkdha6TSpLZhjnCO339vDRPPZmlFo","previousCounter":0,"rootKey":"qi7VHCIl5DkYzVoo9qB4H6EHIWp4csnsQ/yfnj6fF3g="},"indexInfo":{"baseKey":"BUEUD7ojS6e9ixTUpgmpK8fjkf9kLEUhLD0c6ZESeIYj","baseKeyType":1,"closed":-1,"used":1721227115716,"created":1721227115716,"remoteIdentityKey":"BSFR0N/FFxyvjMUOO+iY3FyfZ68svykFCmZnHPhzxb0W"},"_chains":{"BWXIm5rhla/o8S/OLovgvo4ocfJXrA3Nw/tzQftGhptt":{"chainKey":{"counter":0,"key":"x6sCZGVAd66y8kui7Vo0EBTEMKPMNl7Xy+icKtNr818="},"chainType":1,"messageKeys":{}}},"pendingPreKey":{"signedKeyId":1,"baseKey":"BUEUD7ojS6e9ixTUpgmpK8fjkf9kLEUhLD0c6ZESeIYj"}}},"version":"v1"}