{"_sessions":{"BdyIrb3UL9sG9JQ70ETWLu+FU1cwI4G9fVNFaK9qi+VB":{"registrationId":601172174,"currentRatchet":{"ephemeralKeyPair":{"pubKey":"BWu7L8nno4kU6UoZ8f89Z0/PvcJQG8XTmTFFTF3oAQwI","privKey":"CNp5cjbgK8c76a0Y3ZkN7Iczs1KDgVvNFt7YbVKlvVg="},"lastRemoteEphemeralKey":"BXIpDy690JHcJ/7GIeW4mNYfO7ZDmmd23Jp79zhdXjJA","previousCounter":0,"rootKey":"5Cw+K7HpkH7H4Nc1kyStHFrJy0xiYTeqW/A59VNMsNs="},"indexInfo":{"baseKey":"BdyIrb3UL9sG9JQ70ETWLu+FU1cwI4G9fVNFaK9qi+VB","baseKeyType":1,"closed":1721227178791,"used":1721227175916,"created":1721227175916,"remoteIdentityKey":"BV0IPaALzxq8vZk0NKh+fQ/kr6uZ5pXVAtMfPFHY86R6"},"_chains":{"BWu7L8nno4kU6UoZ8f89Z0/PvcJQG8XTmTFFTF3oAQwI":{"chainKey":{"counter":-1,"key":"qSqZU7y9hHFEahGwHsparOWaVTaOPKhMUv3Yfme34MM="},"chainType":1,"messageKeys":{}}},"pendingPreKey":{"signedKeyId":0,"baseKey":"BdyIrb3UL9sG9JQ70ETWLu+FU1cwI4G9fVNFaK9qi+VB","preKeyId":415998}},"BRgRtDaVgtjBVXWN+kjLWqzidc7ntfcQVwm8up2Vv0Vi":{"registrationId":601172174,"currentRatchet":{"ephemeralKeyPair":{"pubKey":"BWrXE4/DJ+RCcD0BZ8km1AGni4WLkB0RDaqwu6VTVPIt","privKey":"SMwNOGpfGePjMV95ajanUjH0erwHrkbHVk0abDT12GE="},"lastRemoteEphemeralKey":"BXIpDy690JHcJ/7GIeW4mNYfO7ZDmmd23Jp79zhdXjJA","previousCounter":0,"rootKey":"wlqQajz1kzmWGe465t4hYgfLF7WkqVkdDFtyUb2lFDw="},"indexInfo":{"baseKey":"BRgRtDaVgtjBVXWN+kjLWqzidc7ntfcQVwm8up2Vv0Vi","baseKeyType":1,"closed":-1,"used":1721227178789,"created":1721227178789,"remoteIdentityKey":"BV0IPaALzxq8vZk0NKh+fQ/kr6uZ5pXVAtMfPFHY86R6"},"_chains":{"BWrXE4/DJ+RCcD0BZ8km1AGni4WLkB0RDaqwu6VTVPIt":{"chainKey":{"counter":1,"key":"x0zpefmYQHdS/b/WzqQEVrNrUennR3VYRvpWriBcOJ0="},"chainType":1,"messageKeys":{}}},"pendingPreKey":{"signedKeyId":0,"baseKey":"BRgRtDaVgtjBVXWN+kjLWqzidc7ntfcQVwm8up2Vv0Vi","preKeyId":416036}}},"version":"v1"}