{"_sessions":{"BZnQ7i9NnAfbBhvsv3Rm4G5mhUMEuByDeT9IXIYeFHpZ":{"registrationId":1068035294,"currentRatchet":{"ephemeralKeyPair":{"pubKey":"BQzjZ6+IwbHuuYcjj5oRc2e6Y9fh0zIgJRl0R7QdQbgR","privKey":"qFsdPebb5UH+trs8qdFDOo7tULW+2xJepAgJVzGqoGM="},"lastRemoteEphemeralKey":"BS2fPFDmoiEZVStPXw0MuFYkdk2Obbgn6JPPCcpUSU0W","previousCounter":0,"rootKey":"8Am8cBRYv6J1QzSuzD4vVKR4XUkogwSb66wUsX/RKK8="},"indexInfo":{"baseKey":"BZnQ7i9NnAfbBhvsv3Rm4G5mhUMEuByDeT9IXIYeFHpZ","baseKeyType":1,"closed":-1,"used":1721227117042,"created":1721227117042,"remoteIdentityKey":"Baq5CHmVzQyEkVkkTXlMR6pk55pdT7BJDTt6BS1ehxQ7"},"_chains":{"BQzjZ6+IwbHuuYcjj5oRc2e6Y9fh0zIgJRl0R7QdQbgR":{"chainKey":{"counter":0,"key":"bF2J9PbD/2+Th+dK/0i/jlKMIFJ+z+LSB7fgW0BvwI4="},"chainType":1,"messageKeys":{}}},"pendingPreKey":{"signedKeyId":5,"baseKey":"BZnQ7i9NnAfbBhvsv3Rm4G5mhUMEuByDeT9IXIYeFHpZ","preKeyId":8369923}}},"version":"v1"}