{"_sessions":{"BeULEhlvjASPfNitflVmgf5v6BxFy5epXkcs40r0fZgx":{"registrationId":2823,"currentRatchet":{"ephemeralKeyPair":{"pubKey":"BfmKcLfHQT+zsjErUjqlgL6KMWJ+LF00FOAoOLEJmG1i","privKey":"ED5zKnGU9q98e4ZTq4crb9II3+8okt1VaybzjNlkflE="},"lastRemoteEphemeralKey":"BaORFRqMKHSDTj59YiO9g40ms16pQvAWIi82hV3THvsI","previousCounter":0,"rootKey":"8jUmaYyz4QkAca1fpatOmb+DdDJkOaiACZpIMZeuUwk="},"indexInfo":{"baseKey":"BeULEhlvjASPfNitflVmgf5v6BxFy5epXkcs40r0fZgx","baseKeyType":1,"closed":-1,"used":1721227115712,"created":1721227115712,"remoteIdentityKey":"Bc65CzNudhOmOeBSUiqfqmlnaw7qElYfFTHvmvJ2S6o5"},"_chains":{"BfmKcLfHQT+zsjErUjqlgL6KMWJ+LF00FOAoOLEJmG1i":{"chainKey":{"counter":0,"key":"otHFb/khcFowWFo7lmfE7F3esnRCp1mS1LAih6fzJdA="},"chainType":1,"messageKeys":{}}},"pendingPreKey":{"signedKeyId":1,"baseKey":"BeULEhlvjASPfNitflVmgf5v6BxFy5epXkcs40r0fZgx","preKeyId":1556}}},"version":"v1"}