{"_sessions":{"BXS8vFe3xVIPu/E/eA32x57jSUxdwodwiHhnr+PxDx1g":{"registrationId":15535892,"currentRatchet":{"ephemeralKeyPair":{"pubKey":"BWptG+UA48MgZGOL5s640vWIdLSXkjXxqwS7Eol2vx49","privKey":"GPFckMmsUU2lutKU0R0l3VPZ5Grp6T2FO8QJnn6b8lo="},"lastRemoteEphemeralKey":"BQ+yPrVYRVFNfb9yHnAbfu71qlUrVIFCOTNvDGOerBpy","previousCounter":0,"rootKey":"1PE03yhX746/07wdD4QprzGubxZBGxVENtkjBGzI7So="},"indexInfo":{"baseKey":"BXS8vFe3xVIPu/E/eA32x57jSUxdwodwiHhnr+PxDx1g","baseKeyType":1,"closed":-1,"used":1721227117437,"created":1721227117437,"remoteIdentityKey":"BQSLkf0hTvSSuFukORMBn3olAwDyCREJWL+l3ZclDtwG"},"_chains":{"BWptG+UA48MgZGOL5s640vWIdLSXkjXxqwS7Eol2vx49":{"chainKey":{"counter":0,"key":"fxIfpNJR+uFHspdh4MuTxjScfQ8nsRgd7dLKVAcxAdo="},"chainType":1,"messageKeys":{}}},"pendingPreKey":{"signedKeyId":5,"baseKey":"BXS8vFe3xVIPu/E/eA32x57jSUxdwodwiHhnr+PxDx1g","preKeyId":4086724}}},"version":"v1"}