{"_sessions":{"BRDnohdOKZ/Ii3gE2G26OsdNpnLD4FU0Y8DuWztz3+J+":{"registrationId":5666,"currentRatchet":{"ephemeralKeyPair":{"pubKey":"Bb015O+V/wxQuRMGfsPqLjAQ97+gxWzUpdLxaaBOhxpS","privKey":"6Ay1m/skXHdtYSV4yjSE2fjs0n9cJ6H6kOmQEwGOcW0="},"lastRemoteEphemeralKey":"Bd5rIGJSgqPQJ155lZKy6WEkUagW1BK3P/Gq7noAAz01","previousCounter":0,"rootKey":"S3AuKgIQavas36CYHCZkSNUpV2LlRzIHd5KXJWDnsk8="},"indexInfo":{"baseKey":"BRDnohdOKZ/Ii3gE2G26OsdNpnLD4FU0Y8DuWztz3+J+","baseKeyType":1,"closed":-1,"used":1721227116109,"created":1721227116109,"remoteIdentityKey":"BTrnD9QbSBte3VhTbvzXIX8VsHS0uHaTOlw2UW+79U1t"},"_chains":{"Bb015O+V/wxQuRMGfsPqLjAQ97+gxWzUpdLxaaBOhxpS":{"chainKey":{"counter":0,"key":"eq3CUisPA59q1mHtKINHC8Suyo1+BqMbVFs/Kmy0a9s="},"chainType":1,"messageKeys":{}}},"pendingPreKey":{"signedKeyId":1,"baseKey":"BRDnohdOKZ/Ii3gE2G26OsdNpnLD4FU0Y8DuWztz3+J+","preKeyId":4174}}},"version":"v1"}