{"_sessions":{"BZR5/NYw3BtnsJa97SYi3UPJ4uIGSmx9B02F7trs5cML":{"registrationId":167,"currentRatchet":{"ephemeralKeyPair":{"pubKey":"BaayCn2vdIzwDVGV3FXUP+JtkbHV/aNdESGYOAkt5ecO","privKey":"CJPsDEHRakKoeN5tfv6xPcRbUyMpCOzCvUKmGArgc1Y="},"lastRemoteEphemeralKey":"BZv3lDppI0d+z/olKS1CtV/dSllC6KPP6XIJ1AbjB6dk","previousCounter":0,"rootKey":"2OLIs+U+fpzDRftdPy8UNyTVOkeDFPrK6BsJ4nJYnsk="},"indexInfo":{"baseKey":"BZR5/NYw3BtnsJa97SYi3UPJ4uIGSmx9B02F7trs5cML","baseKeyType":1,"closed":1721227177592,"used":1721227175454,"created":1721227175454,"remoteIdentityKey":"Bc6f8AkukV6n7JfjUhH9v68RiaBkXcYCnPPUOVVMGy9P"},"_chains":{"BaayCn2vdIzwDVGV3FXUP+JtkbHV/aNdESGYOAkt5ecO":{"chainKey":{"counter":-1,"key":"ucEWugvqmhf4vejNiHPpceY2gKjAGNke0h2b1WoGL6Q="},"chainType":1,"messageKeys":{}}},"pendingPreKey":{"signedKeyId":1,"baseKey":"BZR5/NYw3BtnsJa97SYi3UPJ4uIGSmx9B02F7trs5cML"}},"BQ62Kb2jr2Z7WgWkfkihaOOwA4+wgIRi0bU03xo32Foz":{"registrationId":167,"currentRatchet":{"ephemeralKeyPair":{"pubKey":"BfUL54BoAgNNv/pRu5yTIpNz0RXwNjEvcgb2h2QmjZkI","privKey":"gKKlCENl5Korawiiab+EYAQJpZ3C7SBIOsSQA6nNLlw="},"lastRemoteEphemeralKey":"BZv3lDppI0d+z/olKS1CtV/dSllC6KPP6XIJ1AbjB6dk","previousCounter":0,"rootKey":"FKL7qTcyu0ol7ov1zwDolnu4qXrWQaxG6qi4xB5tlZ8="},"indexInfo":{"baseKey":"BQ62Kb2jr2Z7WgWkfkihaOOwA4+wgIRi0bU03xo32Foz","baseKeyType":1,"closed":-1,"used":1721227177590,"created":1721227177590,"remoteIdentityKey":"Bc6f8AkukV6n7JfjUhH9v68RiaBkXcYCnPPUOVVMGy9P"},"_chains":{"BfUL54BoAgNNv/pRu5yTIpNz0RXwNjEvcgb2h2QmjZkI":{"chainKey":{"counter":1,"key":"zusUQ7fYnU9Vqv+3xhM6ILwuZren5YkveiaEINkm7T4="},"chainType":1,"messageKeys":{}}},"pendingPreKey":{"signedKeyId":1,"baseKey":"BQ62Kb2jr2Z7WgWkfkihaOOwA4+wgIRi0bU03xo32Foz"}}},"version":"v1"}