{"_sessions":{"BW46VGnPG0qhHxgLX6jWwTtK3FRczWgq5h7CM+FFVFYI":{"registrationId":1799843267,"currentRatchet":{"ephemeralKeyPair":{"pubKey":"BUL93+Jsp8gZhLEcxqixlU8v2sgqdZhGO4IruhSE56lC","privKey":"WIGvA96zJIwFjWNv8z0P+Or2qWjt3Pe9Yc4bEr3yP0o="},"lastRemoteEphemeralKey":"BTyxN7nDjBJUbpCZclvTlIpgrJ6MEC+bhLmZMYBM/4li","previousCounter":0,"rootKey":"Ry7tJK+QI2w9HMseGbE6Laouy3baIsI17dtzaNTH8ZY="},"indexInfo":{"baseKey":"BW46VGnPG0qhHxgLX6jWwTtK3FRczWgq5h7CM+FFVFYI","baseKeyType":1,"closed":-1,"used":1721227117407,"created":1721227117407,"remoteIdentityKey":"BfhHITkzO6Va/5DDMCjyw4xHi5/TgSaPXBVQqhbFv4lo"},"_chains":{"BUL93+Jsp8gZhLEcxqixlU8v2sgqdZhGO4IruhSE56lC":{"chainKey":{"counter":0,"key":"GF4mXw+Nlo2AfZ33FFmjAdTQ5Z3nb2GnsrT63IUiG6Y="},"chainType":1,"messageKeys":{}}},"pendingPreKey":{"signedKeyId":0,"baseKey":"BW46VGnPG0qhHxgLX6jWwTtK3FRczWgq5h7CM+FFVFYI","preKeyId":1572439}}},"version":"v1"}