{"_sessions":{"BffgnAibHrrUJpw9/21XTTnaK+X6EU2JcdUfC9hof+wv":{"registrationId":467847394,"currentRatchet":{"ephemeralKeyPair":{"pubKey":"BWpNrPxU3n2jVkADuSXxfGjZ29YFLnWmKtJhDRV6CbcT","privKey":"qNSScaFh7ppnhZ5RTYOrNdUNmY/o/xoWcGiCT+gg2Vw="},"lastRemoteEphemeralKey":"BTVQsK96C03kMYzxEn8/FQyNuZvzd3FaaFfaMQgrJ6Ic","previousCounter":0,"rootKey":"xppwe+lrm1+ixyh6hvGxIMUndZsJSTr/mhqZMDeyMDM="},"indexInfo":{"baseKey":"BffgnAibHrrUJpw9/21XTTnaK+X6EU2JcdUfC9hof+wv","baseKeyType":2,"closed":-1,"used":1721227985137,"created":1721227985137,"remoteIdentityKey":"BbW1SgyDYeh2O1T2Vf448kb1/bLh3PakiCP5Og5ahcNu"},"_chains":{"BTVQsK96C03kMYzxEn8/FQyNuZvzd3FaaFfaMQgrJ6Ic":{"chainKey":{"counter":0,"key":"7V58IjLdYt8+7NoJQUVIRMxgFHhN/p9XXvTaIOFMzG4="},"chainType":2,"messageKeys":{}},"BWpNrPxU3n2jVkADuSXxfGjZ29YFLnWmKtJhDRV6CbcT":{"chainKey":{"counter":-1,"key":"3B524oBPVKhKIShUaGMDJH1RzGCTNpVSxnjWW5Ajbcw="},"chainType":1,"messageKeys":{}}}}},"version":"v1"}