{"_sessions":{"Bd7amk3IOCrEpmIEQCRJ3SQrU9juYWVs9Q9cFqWirpR1":{"registrationId":1637508728,"currentRatchet":{"ephemeralKeyPair":{"pubKey":"BW2gGbm0dFu/QwKM0PHMeYj5FYXl3Phhe/NnDLWnVWkb","privKey":"YGhH2lQ4Fk6rb8iJa9/24ii4nsen09s4XujdzW5vpW4="},"lastRemoteEphemeralKey":"Bchz3iwHr1r/UZLoxzSxWsbJBYMr7avH9rJ3mdd/YwVD","previousCounter":0,"rootKey":"G+t9oCFIEx8xmVUZ5eVHStcRn7EpjB9kn1vp92Mt1fs="},"indexInfo":{"baseKey":"Bd7amk3IOCrEpmIEQCRJ3SQrU9juYWVs9Q9cFqWirpR1","baseKeyType":1,"closed":-1,"used":1721227117363,"created":1721227117363,"remoteIdentityKey":"Be/0xZA20NKVeMsFrq1G3s6SePp2AP4usUTwCxn8BgBy"},"_chains":{"BW2gGbm0dFu/QwKM0PHMeYj5FYXl3Phhe/NnDLWnVWkb":{"chainKey":{"counter":0,"key":"FuBW2AmW7VIna6RZ04NvS3GKqzu2L7e/yVw34f3Hl3k="},"chainType":1,"messageKeys":{}}},"pendingPreKey":{"signedKeyId":0,"baseKey":"Bd7amk3IOCrEpmIEQCRJ3SQrU9juYWVs9Q9cFqWirpR1"}}},"version":"v1"}