{"_sessions":{"Beyv32rLlQDptJVHVkCHJ1Zmj+cOkgNh9dTFR/MI9AkH":{"registrationId":482545783,"currentRatchet":{"ephemeralKeyPair":{"pubKey":"Bf34VNVL0KnAuZKsoq6jRJZbVEj7vCnA0zG1Qh1X2dAi","privKey":"0KyFLGW8kSIvWcaNAkWob1LuaiVIgABfN4KSUIrPsks="},"lastRemoteEphemeralKey":"BW1Yk3byLh8fnSSOB5HJlG5BqfGBOfQ7Tl1YuEOiktdn","previousCounter":0,"rootKey":"gTEC8WWgrUHSWQZuDLOXWYgAS8AF7/06HILBgnUQv4M="},"indexInfo":{"baseKey":"Beyv32rLlQDptJVHVkCHJ1Zmj+cOkgNh9dTFR/MI9AkH","baseKeyType":1,"closed":1721227179349,"used":1721227176113,"created":1721227176113,"remoteIdentityKey":"BTnHS2RXmJS226nPf/DVQADui+8CgKpZXeL0j6j2/mxN"},"_chains":{"Bf34VNVL0KnAuZKsoq6jRJZbVEj7vCnA0zG1Qh1X2dAi":{"chainKey":{"counter":-1,"key":"16v8nq34PxRYoT/HqcGztKx/29/TFWyVOvCNkYo4Ngs="},"chainType":1,"messageKeys":{}}},"pendingPreKey":{"signedKeyId":0,"baseKey":"Beyv32rLlQDptJVHVkCHJ1Zmj+cOkgNh9dTFR/MI9AkH","preKeyId":781479}},"BUN5gLAR+uXob+MKHLNB51Mu7eGHHUye3+VtWVHpRQhb":{"registrationId":482545783,"currentRatchet":{"ephemeralKeyPair":{"pubKey":"BZAfo7jubKw2+91XeQ9LbOMXXj5PDx/z+3uQGazH1p4C","privKey":"0AQNHWbuZNvUER/OMZ3c6bYlsImnKvu94h+rDVm/528="},"lastRemoteEphemeralKey":"BW1Yk3byLh8fnSSOB5HJlG5BqfGBOfQ7Tl1YuEOiktdn","previousCounter":0,"rootKey":"sYedieerrPxKM3Y+dnf+CGQ9XsDy7IYMdHSEdVTnivo="},"indexInfo":{"baseKey":"BUN5gLAR+uXob+MKHLNB51Mu7eGHHUye3+VtWVHpRQhb","baseKeyType":1,"closed":-1,"used":1721227179346,"created":1721227179346,"remoteIdentityKey":"BTnHS2RXmJS226nPf/DVQADui+8CgKpZXeL0j6j2/mxN"},"_chains":{"BZAfo7jubKw2+91XeQ9LbOMXXj5PDx/z+3uQGazH1p4C":{"chainKey":{"counter":1,"key":"41WRWVd0OutEoUxfrb0px0iIv+0Fyo4LGaqmdSV36oU="},"chainType":1,"messageKeys":{}}},"pendingPreKey":{"signedKeyId":0,"baseKey":"BUN5gLAR+uXob+MKHLNB51Mu7eGHHUye3+VtWVHpRQhb","preKeyId":782227}}},"version":"v1"}