{"_sessions":{"BRptt18bMlcFIORrW0WOeDaTUgu3lS/WzOXai/F/B5Qa":{"registrationId":1538921911,"currentRatchet":{"ephemeralKeyPair":{"pubKey":"BXsbBU89vx1YubaeFdwCqmR4MJU8GaXUzzPO5dsf4KlD","privKey":"kEri1aHdS2C7OqYw1mfGqsIZ4x/vsbpLJJpgitNXBXM="},"lastRemoteEphemeralKey":"Bd7iof4DidzHC61hMtkYSyaAqubSpH4hsYaNUrJD10AJ","previousCounter":0,"rootKey":"9lsmWtUT7ChE3iexOexSNayojmZu8VngYoOJF0UdVUY="},"indexInfo":{"baseKey":"BRptt18bMlcFIORrW0WOeDaTUgu3lS/WzOXai/F/B5Qa","baseKeyType":1,"closed":-1,"used":1721227116933,"created":1721227116933,"remoteIdentityKey":"BRT20jM/AS55gYwKsiD8STCZ40ESxDAwQFq/8r2qUkpO"},"_chains":{"BXsbBU89vx1YubaeFdwCqmR4MJU8GaXUzzPO5dsf4KlD":{"chainKey":{"counter":0,"key":"00X2bHVikuVoQAaPv9ileKYMa9BNljateuuhshZf6/E="},"chainType":1,"messageKeys":{}}},"pendingPreKey":{"signedKeyId":3,"baseKey":"BRptt18bMlcFIORrW0WOeDaTUgu3lS/WzOXai/F/B5Qa","preKeyId":13237891}}},"version":"v1"}