{"_sessions":{"BY9BGBaeYU3o00arJ/bqyabudqMplIhsnPhzjyBUa0AV":{"registrationId":1375910508,"currentRatchet":{"ephemeralKeyPair":{"pubKey":"BSC/O1+djgItVtlBitVUk8oMkYyQFJeftsVIR7xhAGlb","privKey":"qNsh1iCV0cBIwHomBTKuRYETj3qr3JulUS+dqhHkQ0c="},"lastRemoteEphemeralKey":"BaoN7UNW+C58aR2f/DM4IxV0mPt1ccBnzOPn6CLTV5lw","previousCounter":3,"rootKey":"Q773ii5BCxiWaEWS4ZSlWYoB3DpndFjt1I2yxdM5l38="},"indexInfo":{"baseKey":"BY9BGBaeYU3o00arJ/bqyabudqMplIhsnPhzjyBUa0AV","baseKeyType":1,"closed":1721204433308,"used":1721150963232,"created":1721125997344,"remoteIdentityKey":"BYxJ4jL+804SYIdoO1hWTgMM8UVXgWNga4NWsyimrNwK"},"_chains":{"BTSyB47LGOi3EOXCZdhW68yc+DRsYZ6kmGD9YMh6UXo/":{"chainKey":{"counter":9},"chainType":2,"messageKeys":{}},"BWMooSyFbVXWyasXkSHH83apR/XDZH04EhZjaUmsmwIY":{"chainKey":{"counter":36},"chainType":2,"messageKeys":{}},"BdiwazTdMwnFeJUv/iTqg11/j02ZvH3bUZSI9GbdiWxf":{"chainKey":{"counter":0},"chainType":2,"messageKeys":{}},"BUZdGVvYBaHE/m6omhCyJwsjN+xlg4DzVnPaPID6Vxhc":{"chainKey":{"counter":0},"chainType":2,"messageKeys":{}},"BaoN7UNW+C58aR2f/DM4IxV0mPt1ccBnzOPn6CLTV5lw":{"chainKey":{"counter":0,"key":"yZJIccRz2PR98QK10J9aDm4A0UhfMW3D/4WoPJXStz4="},"chainType":2,"messageKeys":{}},"BSC/O1+djgItVtlBitVUk8oMkYyQFJeftsVIR7xhAGlb":{"chainKey":{"counter":68,"key":"JQVABXJvqcmDlWYzVJTBvSBKdiWeMjIlirsrRJl1QYs="},"chainType":1,"messageKeys":{}}}},"BTvWb4uKvXjm3Uwaqr8l82P4VcAl0i5/kkmAL4SfPuFU":{"registrationId":1375910508,"currentRatchet":{"ephemeralKeyPair":{"pubKey":"BXC10TH6ev6gHtMZAuv9yDpgaCwnDqZELRojq1vjUEsH","privKey":"GAH26qA9av8LqWOcHRGM8MMKzagkWKXvMnHmM504NFM="},"lastRemoteEphemeralKey":"BZ8qCfNRxg95LJMkJHFWzPuYObaqGIrYG5LiD5mJa2BB","previousCounter":0,"rootKey":"oiJkgoMaH8JY1xHNy3EAuAXFNCl2q1GveVzdU6wzHmk="},"indexInfo":{"baseKey":"BTvWb4uKvXjm3Uwaqr8l82P4VcAl0i5/kkmAL4SfPuFU","baseKeyType":1,"closed":1721204461031,"used":1721204433305,"created":1721204433305,"remoteIdentityKey":"BYxJ4jL+804SYIdoO1hWTgMM8UVXgWNga4NWsyimrNwK"},"_chains":{"BXC10TH6ev6gHtMZAuv9yDpgaCwnDqZELRojq1vjUEsH":{"chainKey":{"counter":0,"key":"2ndbFY9L9W3JiqldVS3/yyDgxbDJFLwsOE2hRu80zlY="},"chainType":1,"messageKeys":{}}},"pendingPreKey":{"signedKeyId":1,"baseKey":"BTvWb4uKvXjm3Uwaqr8l82P4VcAl0i5/kkmAL4SfPuFU","preKeyId":16053005}},"BVna4xWKU/4MqZTzOT+9xSxmXRwgUEqrI59ulk8pgUc6":{"registrationId":1375910508,"currentRatchet":{"ephemeralKeyPair":{"pubKey":"BYuscJP8g8/M3fLfufkwauv2LPhFQGKE4ND2XeJ84S5m","privKey":"ILdfrq+Jrf+cLah/LkrUQoPM29aWgTtVYGJAT7XlLk8="},"lastRemoteEphemeralKey":"BZ8qCfNRxg95LJMkJHFWzPuYObaqGIrYG5LiD5mJa2BB","previousCounter":0,"rootKey":"gpG3Yc0SECbr5kFhSYCL9huioY6NNrrilkMUAmcxwl8="},"indexInfo":{"baseKey":"BVna4xWKU/4MqZTzOT+9xSxmXRwgUEqrI59ulk8pgUc6","baseKeyType":1,"closed":1721204492804,"used":1721204461029,"created":1721204461029,"remoteIdentityKey":"BYxJ4jL+804SYIdoO1hWTgMM8UVXgWNga4NWsyimrNwK"},"_chains":{"BYuscJP8g8/M3fLfufkwauv2LPhFQGKE4ND2XeJ84S5m":{"chainKey":{"counter":2,"key":"kvzDz+L0/0HHkp2Tlzdo/6roJMiEeZWpCBwqaSU6d+4="},"chainType":1,"messageKeys":{}}},"pendingPreKey":{"signedKeyId":1,"baseKey":"BVna4xWKU/4MqZTzOT+9xSxmXRwgUEqrI59ulk8pgUc6","preKeyId":16053143}},"BXHUpY72lpxurtMoZJKLJAOajmWM2IB4zbafnczLw0Qw":{"registrationId":1375910508,"currentRatchet":{"ephemeralKeyPair":{"pubKey":"Bd7E7uMtTljiA8zCg61Vm9hEDGJ7bKjC8RdMwogxJtRF","privKey":"AGEqHEIpynhUqEnY6Qd739byZrj0Ydkq/X1HkCeqC3w="},"lastRemoteEphemeralKey":"BbrwQ1l+5w2P97Ua2+8auFgTWJcpY8MOop8wSlM14JML","previousCounter":153,"rootKey":"oim9p0Hm9BUi4WDrd9sQdbdkjpY4IwTbFtAhzyE3wWk="},"indexInfo":{"baseKey":"BXHUpY72lpxurtMoZJKLJAOajmWM2IB4zbafnczLw0Qw","baseKeyType":1,"closed":-1,"used":1721226708638,"created":1721204492802,"remoteIdentityKey":"BYxJ4jL+804SYIdoO1hWTgMM8UVXgWNga4NWsyimrNwK"},"_chains":{"BeXTuNLgzSo5cxhSv20dT6XKuflgmN60fQW9zC/1Bj1t":{"chainKey":{"counter":0},"chainType":2,"messageKeys":{}},"BbrwQ1l+5w2P97Ua2+8auFgTWJcpY8MOop8wSlM14JML":{"chainKey":{"counter":0,"key":"Nj9XJG4Rusxwm8HSxMtoWalVLp6l2nwdJ0dbV45AyOI="},"chainType":2,"messageKeys":{}},"Bd7E7uMtTljiA8zCg61Vm9hEDGJ7bKjC8RdMwogxJtRF":{"chainKey":{"counter":30,"key":"FpauZpyIqn8b366aDH8GFm1/YRHbVCGPjdYtUYRc2gU="},"chainType":1,"messageKeys":{}}}}},"version":"v1"}