{"_sessions":{"BWOtlPt4iySwKhrNLZf90h7MXwsFsPVWojVbIE3ECfhk":{"registrationId":2030027823,"currentRatchet":{"ephemeralKeyPair":{"pubKey":"BW50jtw53v2flZKF0oHtX+15ZNQjy9cdntayJ0m88exY","privKey":"KF4rToCy3stGFqou9tHIMScMQZ9ItRMfSxZBxm1ZoUI="},"lastRemoteEphemeralKey":"BVaMy/22Lzw8jy9BtP/IXWEC9YF2CX+UsPrykmtdSEhS","previousCounter":0,"rootKey":"W98KUByAD2xvDdKK2fpyxLlw3USl17/lOtIXemt63OM="},"indexInfo":{"baseKey":"BWOtlPt4iySwKhrNLZf90h7MXwsFsPVWojVbIE3ECfhk","baseKeyType":1,"closed":-1,"used":1721227117571,"created":1721227117571,"remoteIdentityKey":"BUebcbqsiIHyzbN+dh5yYaH2eMMphHK6pPqHnhA8+hQ2"},"_chains":{"BW50jtw53v2flZKF0oHtX+15ZNQjy9cdntayJ0m88exY":{"chainKey":{"counter":0,"key":"0QZMPOvtkBWGhYqm2KkSk0uMuz4FUURiKjA96oviZ/o="},"chainType":1,"messageKeys":{}}},"pendingPreKey":{"signedKeyId":2,"baseKey":"BWOtlPt4iySwKhrNLZf90h7MXwsFsPVWojVbIE3ECfhk","preKeyId":15103986}}},"version":"v1"}