{"_sessions":{"BTZbWdZIkoaYZR2tcsKDpBYdWhcW3rDuA01VFHyu54hH":{"registrationId":740806546,"currentRatchet":{"ephemeralKeyPair":{"pubKey":"BbxNCL9BDb7ohlARIUCQ5Gh3AKXNKev4X/cIkqOcwsc5","privKey":"IIOyvs+dLhfQ4NMI3429mDzbEbIdG3lsjQwToEAnV1E="},"lastRemoteEphemeralKey":"BbaWz6pwsNikQ0mdEc6+Hej3a4PKaBJSKAOtvZ41vYYe","previousCounter":0,"rootKey":"AEoa9oUpzIkF9Fc0jQrz1lb5Wg+AWua8YJp6z2ATSII="},"indexInfo":{"baseKey":"BTZbWdZIkoaYZR2tcsKDpBYdWhcW3rDuA01VFHyu54hH","baseKeyType":1,"closed":1721227178701,"used":1721227175853,"created":1721227175853,"remoteIdentityKey":"BXkFOszP56GDEwN3ndqCHM6UrR1t09RDJ8gogc5Da4w4"},"_chains":{"BbxNCL9BDb7ohlARIUCQ5Gh3AKXNKev4X/cIkqOcwsc5":{"chainKey":{"counter":-1,"key":"GXOdVi8KpFrNuHJoANtgHfRODLwPoeLBvCbBE1sze4g="},"chainType":1,"messageKeys":{}}},"pendingPreKey":{"signedKeyId":7,"baseKey":"BTZbWdZIkoaYZR2tcsKDpBYdWhcW3rDuA01VFHyu54hH","preKeyId":3915904}},"BWPUQDAu2TxloTGOzwBsQL8LhdUJ+zMYLVZz3Hv2a8E7":{"registrationId":740806546,"currentRatchet":{"ephemeralKeyPair":{"pubKey":"BcDU/8j2N11V18yGHyN/kJlujXYqbwvL5Ura9d6VL9U/","privKey":"SHlk+oi+Km0z6G23CCn2xjfOtyR0Jt9kCUtvZI+9iXc="},"lastRemoteEphemeralKey":"BbaWz6pwsNikQ0mdEc6+Hej3a4PKaBJSKAOtvZ41vYYe","previousCounter":0,"rootKey":"EJMa5poIbiYguuxH7vc3FDUmx1gpA+uW0p/x48qRy4Y="},"indexInfo":{"baseKey":"BWPUQDAu2TxloTGOzwBsQL8LhdUJ+zMYLVZz3Hv2a8E7","baseKeyType":1,"closed":-1,"used":1721227178699,"created":1721227178699,"remoteIdentityKey":"BXkFOszP56GDEwN3ndqCHM6UrR1t09RDJ8gogc5Da4w4"},"_chains":{"BcDU/8j2N11V18yGHyN/kJlujXYqbwvL5Ura9d6VL9U/":{"chainKey":{"counter":1,"key":"Yw8N3y6pCDAfAUgsCYCQ/LvHpzxV/3fZqwPwrkXZVyc="},"chainType":1,"messageKeys":{}}},"pendingPreKey":{"signedKeyId":7,"baseKey":"BWPUQDAu2TxloTGOzwBsQL8LhdUJ+zMYLVZz3Hv2a8E7","preKeyId":3915864}}},"version":"v1"}