{"_sessions":{"BSVi3B5iuf+ygeaVNiSEt3Li1U3KWV7u32moxv28mBxs":{"registrationId":13860,"currentRatchet":{"ephemeralKeyPair":{"pubKey":"BcAwxqJrUhWVS3EoeVAbxo0KtsDgtCui+igWMsKIbvYN","privKey":"gPuKaJfzEM77AH+7z2ZJCY6p0/FOhCQwHL9xOuIwK1U="},"lastRemoteEphemeralKey":"BZTiVmu5f/1kBDBcstoSDGcSVIQzenOfygiwbJ3961s+","previousCounter":0,"rootKey":"NeYEaLQGQV/PCwmwiYpl3Qs1bPRdWFY/Uz7QvQYlBcU="},"indexInfo":{"baseKey":"BSVi3B5iuf+ygeaVNiSEt3Li1U3KWV7u32moxv28mBxs","baseKeyType":1,"closed":-1,"used":1721227115852,"created":1721227115852,"remoteIdentityKey":"BUs8czANon6wtovcvEgtI9aJcUKaSFP88GMcWECQUR5c"},"_chains":{"BcAwxqJrUhWVS3EoeVAbxo0KtsDgtCui+igWMsKIbvYN":{"chainKey":{"counter":0,"key":"I7jig5DKMH52Yeg/q4bgg7PHA/GaSCcnddX+7nOTEQM="},"chainType":1,"messageKeys":{}}},"pendingPreKey":{"signedKeyId":1,"baseKey":"BSVi3B5iuf+ygeaVNiSEt3Li1U3KWV7u32moxv28mBxs"}}},"version":"v1"}