{"_sessions":{"BTxXi1OVSeEqoa/lI+znfWINSX/koVpzsvOlB0bSU55B":{"registrationId":10365,"currentRatchet":{"ephemeralKeyPair":{"pubKey":"BRtQQxalpdKdgNqyaWEB6VquKQ3kZlmfe42FNXtPabco","privKey":"WK2E25qJcib3VmcyejhsCOqePSmOM1Kd71kDJ9hhq2g="},"lastRemoteEphemeralKey":"BdzzV31gBldNmiT9xi6jn9UiSJYAaYGlDXjlDmZOvXdz","previousCounter":0,"rootKey":"MofjGJMzsqcmz6PjKgzNI33Sy1oNRpssMK9P8sk+tyA="},"indexInfo":{"baseKey":"BTxXi1OVSeEqoa/lI+znfWINSX/koVpzsvOlB0bSU55B","baseKeyType":1,"closed":-1,"used":1721227115925,"created":1721227115925,"remoteIdentityKey":"BSUNaQR+tHPy/c+jfCs3yK8geNELrDfbRta9Ava5NGtS"},"_chains":{"BRtQQxalpdKdgNqyaWEB6VquKQ3kZlmfe42FNXtPabco":{"chainKey":{"counter":0,"key":"2IKtUeCems7961Vra6i71J4eM9HXUP6yNEocmWmFZ90="},"chainType":1,"messageKeys":{}}},"pendingPreKey":{"signedKeyId":1,"baseKey":"BTxXi1OVSeEqoa/lI+znfWINSX/koVpzsvOlB0bSU55B"}}},"version":"v1"}