{"_sessions":{"BaPYqocolYYyEpXeiajbpQF8722UlM8mwPbhz1Q+l35u":{"registrationId":1889441431,"currentRatchet":{"ephemeralKeyPair":{"pubKey":"BXLANK+tjPOiLV5nCYobSRMabdzWplGfuOiA9nCZ62lf","privKey":"AIu0TO5cq9mjrhuwz3rZiIRomumDEbn+pnj8Oy7jPlo="},"lastRemoteEphemeralKey":"BUQYplitZHSuuBKDgCv1fapXfcKENLsn/BW3vf6qlSAM","previousCounter":0,"rootKey":"vK0iHuDYzoWjS7wb6mV/hFY50x8fBejqBh2hLzJPenI="},"indexInfo":{"baseKey":"BaPYqocolYYyEpXeiajbpQF8722UlM8mwPbhz1Q+l35u","baseKeyType":1,"closed":-1,"used":1721227117521,"created":1721227117521,"remoteIdentityKey":"BSjrpoLpHHuZFe4wdR7OofxLC3oQN/zwt6z2+8cH1MkY"},"_chains":{"BXLANK+tjPOiLV5nCYobSRMabdzWplGfuOiA9nCZ62lf":{"chainKey":{"counter":0,"key":"zbIw5IrMXfRD5Be6d1YDWd6LO53J00wGJMrAut7d61I="},"chainType":1,"messageKeys":{}}},"pendingPreKey":{"signedKeyId":4,"baseKey":"BaPYqocolYYyEpXeiajbpQF8722UlM8mwPbhz1Q+l35u","preKeyId":10732347}}},"version":"v1"}