{"_sessions":{"BZJxFRU8zctv0pikeIg7gFYlXJwGUk/CYKnAhV5ONrU9":{"registrationId":1945748096,"currentRatchet":{"ephemeralKeyPair":{"pubKey":"BUwmxRAjhBvK8m6rfYdv7+4bdy1RRi7vaSzb506Bf0cC","privKey":"UMxnqVKPEGnzPv/GZBNIaBNW6g/tyMhJ5nXZ7nWt5F4="},"lastRemoteEphemeralKey":"BV6qmo1tajw0puJzTjAosuPSYVf185+uBGMdif4IkTVr","previousCounter":0,"rootKey":"B9TNiYwajG4ra2vwolIoXXpvd7ZJd/wuM4VAkH9j/3c="},"indexInfo":{"baseKey":"BZJxFRU8zctv0pikeIg7gFYlXJwGUk/CYKnAhV5ONrU9","baseKeyType":1,"closed":-1,"used":1721227117128,"created":1721227117128,"remoteIdentityKey":"BTJSFD88vFpDuYXyrW3EO+Ls5Yb5TdW+8RTAl670r0YY"},"_chains":{"BUwmxRAjhBvK8m6rfYdv7+4bdy1RRi7vaSzb506Bf0cC":{"chainKey":{"counter":0,"key":"rgHqcUlQB5oIL3AK0J5ZpzoONqkzKfqxlDakD4rzlFg="},"chainType":1,"messageKeys":{}}},"pendingPreKey":{"signedKeyId":0,"baseKey":"BZJxFRU8zctv0pikeIg7gFYlXJwGUk/CYKnAhV5ONrU9","preKeyId":8416325}}},"version":"v1"}