{"_sessions":{"BavxQjQ3Y+C3H0zr/kGknHDP5AO85ZNQfuGBZ9i8ON5Y":{"registrationId":1412879824,"currentRatchet":{"ephemeralKeyPair":{"pubKey":"BZ80SO3qms+Lo2sx1bCiTX6JYM+dbLocm5YVCcX8O6xJ","privKey":"mKGXdYq2Uk5moPmM03i8HJ29fcj3zudU3vAzzV+SmFk="},"lastRemoteEphemeralKey":"Be643XvvfFpTu05Q65x2kKv5Yq3mU2PHpBCmtTIv+Vwl","previousCounter":0,"rootKey":"1QvILUyyTTq4XderyyaNvBytZpZSueQZzrpwjAOQzrw="},"indexInfo":{"baseKey":"BavxQjQ3Y+C3H0zr/kGknHDP5AO85ZNQfuGBZ9i8ON5Y","baseKeyType":1,"closed":-1,"used":1721227117634,"created":1721227117634,"remoteIdentityKey":"BfjzWVLHCo/mGwWLp5ed4yA4KdEbGY2CS26FULJBr6NJ"},"_chains":{"BZ80SO3qms+Lo2sx1bCiTX6JYM+dbLocm5YVCcX8O6xJ":{"chainKey":{"counter":0,"key":"XwyreVs+hh5mwLHbMOpoBQCkQlDqHFcAs9sAehXcTvs="},"chainType":1,"messageKeys":{}}},"pendingPreKey":{"signedKeyId":7,"baseKey":"BavxQjQ3Y+C3H0zr/kGknHDP5AO85ZNQfuGBZ9i8ON5Y","preKeyId":12304186}}},"version":"v1"}