{"_sessions":{"BUm3SKO8+haYOCCuAxBqw+Zz6+XCW1cyk0ygYD8546kE":{"registrationId":845455656,"currentRatchet":{"ephemeralKeyPair":{"pubKey":"BaypLy+DHBf3TWHGL2gNqAh7JkFrIHrf24jcDd+cwmMx","privKey":"8GkkRiF0ZLeHiKZZFTynoLlevJSVv7Ag/6Zybw6NA0g="},"lastRemoteEphemeralKey":"BcrBaYD3LIu2IMxGDNUFXCI7deph3ugKqT1iB89P6Kku","previousCounter":0,"rootKey":"Qt91viKkMTCw6x5G32SeltkWAkfjt9QUdITfKFnlfR8="},"indexInfo":{"baseKey":"BUm3SKO8+haYOCCuAxBqw+Zz6+XCW1cyk0ygYD8546kE","baseKeyType":1,"closed":-1,"used":1721227117423,"created":1721227117423,"remoteIdentityKey":"BWWYiZroJ/eyNU9F03Mq3XkCnngzNPVqdIHmdpXs2G50"},"_chains":{"BaypLy+DHBf3TWHGL2gNqAh7JkFrIHrf24jcDd+cwmMx":{"chainKey":{"counter":0,"key":"sltiqNLQ2BtPiVP6Q75spiOZKyH2RKt1sF1sDK7D/IY="},"chainType":1,"messageKeys":{}}},"pendingPreKey":{"signedKeyId":0,"baseKey":"BUm3SKO8+haYOCCuAxBqw+Zz6+XCW1cyk0ygYD8546kE"}}},"version":"v1"}