{"_sessions":{"BdafiqZCTNeBEE8UpwXWoYC71kGVVRWiPlhJZQLglf80":{"registrationId":1519530952,"currentRatchet":{"ephemeralKeyPair":{"pubKey":"BQqwwi5jEqwL0QUcUd1YcUY5tZ2YX0gXakSbwnQlq2RF","privKey":"yEHDWIofxTo1VbbPwPzeMpwoEtJBt1UyXSqfnrgKuVA="},"lastRemoteEphemeralKey":"BUP5CR6OuTWDgQk8YWgLgVxXkd2hyr/BM2mBEnediaEb","previousCounter":0,"rootKey":"ub4fBYJlNlBrI581NTNejFTCljAesF4h7oGg3z7FYQk="},"indexInfo":{"baseKey":"BdafiqZCTNeBEE8UpwXWoYC71kGVVRWiPlhJZQLglf80","baseKeyType":1,"closed":1721227178210,"used":1721227175627,"created":1721227175627,"remoteIdentityKey":"BRBZaWWlSE+q2xw6+Rz+vG4T7y+MQ9v32xMe3GltIUcW"},"_chains":{"BQqwwi5jEqwL0QUcUd1YcUY5tZ2YX0gXakSbwnQlq2RF":{"chainKey":{"counter":-1,"key":"5gz+VSouqiYlvbDO9AK+luCJfdamax1uyUj36nbiWLA="},"chainType":1,"messageKeys":{}}},"pendingPreKey":{"signedKeyId":3,"baseKey":"BdafiqZCTNeBEE8UpwXWoYC71kGVVRWiPlhJZQLglf80","preKeyId":6845595}},"Be6IfSjtGxrEzGRNrS/Z79tuPZQFjvQ3lO9hku+SqyZ3":{"registrationId":1519530952,"currentRatchet":{"ephemeralKeyPair":{"pubKey":"BXGrcLhEm6xRIwhVU/4348r3hvKRSnQA+JFeb1zyvCdn","privKey":"mJ1nt+hsFnGwPIgfZWrn+T+O2d6leyFkoJ9pciZMink="},"lastRemoteEphemeralKey":"BUP5CR6OuTWDgQk8YWgLgVxXkd2hyr/BM2mBEnediaEb","previousCounter":0,"rootKey":"WStpeahbJIbE2OKF+8+gkUzgeDf4Vr+qq2KmZAT9DWA="},"indexInfo":{"baseKey":"Be6IfSjtGxrEzGRNrS/Z79tuPZQFjvQ3lO9hku+SqyZ3","baseKeyType":1,"closed":-1,"used":1721227178208,"created":1721227178208,"remoteIdentityKey":"BRBZaWWlSE+q2xw6+Rz+vG4T7y+MQ9v32xMe3GltIUcW"},"_chains":{"BXGrcLhEm6xRIwhVU/4348r3hvKRSnQA+JFeb1zyvCdn":{"chainKey":{"counter":1,"key":"nFOeih2itvqk0jAHVAwBFv4Ltz+MIsvQP1O3l6X62cc="},"chainType":1,"messageKeys":{}}},"pendingPreKey":{"signedKeyId":3,"baseKey":"Be6IfSjtGxrEzGRNrS/Z79tuPZQFjvQ3lO9hku+SqyZ3","preKeyId":6845667}}},"version":"v1"}