{"_sessions":{"BXYZiJasNByjxQcthCdcm/vVxr4QH+URdluOH2pKmx4q":{"registrationId":84,"currentRatchet":{"ephemeralKeyPair":{"pubKey":"Bf6FKwrP0GcNuTX12RobutWmM8yViglDpZ9aHPTjycZA","privKey":"YM/5spYnwJ7Ul4XKd3WGUXzn52bVcQmF6uH0VwZNpEk="},"lastRemoteEphemeralKey":"Bcx2MspW6nVXNq3wIRR5c++IIVunu/5IXs1JTdSVVphl","previousCounter":0,"rootKey":"IFNoC4hZw5BIqxgkVDQ4vpUvLDE8ZX15naTSdbT2rjA="},"indexInfo":{"baseKey":"BXYZiJasNByjxQcthCdcm/vVxr4QH+URdluOH2pKmx4q","baseKeyType":1,"closed":1721227177264,"used":1721227175338,"created":1721227175338,"remoteIdentityKey":"BevArys+xZjo7xN9AETPhUr+K736+Z7kO6Olihji+X9l"},"_chains":{"Bf6FKwrP0GcNuTX12RobutWmM8yViglDpZ9aHPTjycZA":{"chainKey":{"counter":-1,"key":"xmcm4+3gvt2SdeqlyvfvAlVAuXsXdRBo+Z1IdPGJQ1M="},"chainType":1,"messageKeys":{}}},"pendingPreKey":{"signedKeyId":1,"baseKey":"BXYZiJasNByjxQcthCdcm/vVxr4QH+URdluOH2pKmx4q"}},"BeWzu+pfXPtjdyYhfT5VjFUaEiL85xpVyDn7WHIcAIx0":{"registrationId":84,"currentRatchet":{"ephemeralKeyPair":{"pubKey":"BSv4pnDnlJRiCOQ7Xve+raz+Zvz3sZCELGdd3dHHqwgs","privKey":"uIPIc2Y+CaT1kezHGeAtEZ+EPlI+jSM3NPjXnBQVzWE="},"lastRemoteEphemeralKey":"Bcx2MspW6nVXNq3wIRR5c++IIVunu/5IXs1JTdSVVphl","previousCounter":0,"rootKey":"viRcukJzd7add2RRJg8SrPe6YwyvVG5srS1dVyfJfpc="},"indexInfo":{"baseKey":"BeWzu+pfXPtjdyYhfT5VjFUaEiL85xpVyDn7WHIcAIx0","baseKeyType":1,"closed":-1,"used":1721227177262,"created":1721227177262,"remoteIdentityKey":"BevArys+xZjo7xN9AETPhUr+K736+Z7kO6Olihji+X9l"},"_chains":{"BSv4pnDnlJRiCOQ7Xve+raz+Zvz3sZCELGdd3dHHqwgs":{"chainKey":{"counter":1,"key":"X52/yrFCFL369zWKeVqnaSh7dMfFXDgczCrEvLKz0C8="},"chainType":1,"messageKeys":{}}},"pendingPreKey":{"signedKeyId":1,"baseKey":"BeWzu+pfXPtjdyYhfT5VjFUaEiL85xpVyDn7WHIcAIx0"}}},"version":"v1"}