{"_sessions":{"BdQSsBaLXpYAnxPN22MrpA5SFdFtzyViT4/motk3ohs2":{"registrationId":692361240,"currentRatchet":{"ephemeralKeyPair":{"pubKey":"BQRGMvAeErWdeDT7aq1OaGwXRNX4EbMdqbUAgCALzSE4","privKey":"8J7F/FLEbgWB3OC1zO2ErTxIqOCghcQwH/iFOH2drEI="},"lastRemoteEphemeralKey":"BbOs+fOQg8EnUC81W0LT/1NgdH9kBF/Pdn4xCga/ffkt","previousCounter":0,"rootKey":"dQMetmtzAPJNlnJsWoqROsqx3N21lFEFuCvimdWXrjc="},"indexInfo":{"baseKey":"BdQSsBaLXpYAnxPN22MrpA5SFdFtzyViT4/motk3ohs2","baseKeyType":1,"closed":-1,"used":1721227117452,"created":1721227117452,"remoteIdentityKey":"BUTxBX7mtr0h5LJNeLh1TjZOJ6+sECMbl/dq+CzO72c3"},"_chains":{"BQRGMvAeErWdeDT7aq1OaGwXRNX4EbMdqbUAgCALzSE4":{"chainKey":{"counter":0,"key":"1eM5rWNfrQseTo8XflmFwMIkXr3l7m+o8+mFY+d6LIw="},"chainType":1,"messageKeys":{}}},"pendingPreKey":{"signedKeyId":0,"baseKey":"BdQSsBaLXpYAnxPN22MrpA5SFdFtzyViT4/motk3ohs2","preKeyId":15897267}}},"version":"v1"}