{"_sessions":{"BbcQKW27BBQ5PBEez6rTKwhWKXEIJWhFugGF94fKAswl":{"registrationId":1149994080,"currentRatchet":{"ephemeralKeyPair":{"pubKey":"BSh+ITxx+BQ8vUe5behF2dHI0asNSzC1zzyaNtQRAyYQ","privKey":"yIxQxKlVy1z3c4h26/b0l+Gmt5en5OfPmm2DoIuln2c="},"lastRemoteEphemeralKey":"BWAe8HWkqmFJtU1aUdbUj9eDZhGZThjJNMFb0bdQdcB4","previousCounter":0,"rootKey":"wDvc3unFoXI94V3aYQgHItCPLtnOwBa2jsaBAiHq7eY="},"indexInfo":{"baseKey":"BbcQKW27BBQ5PBEez6rTKwhWKXEIJWhFugGF94fKAswl","baseKeyType":1,"closed":-1,"used":1721227117443,"created":1721227117443,"remoteIdentityKey":"BVfQUSje/ccXnbG35skV9W2NICsgm95psPBzXA9dpAEt"},"_chains":{"BSh+ITxx+BQ8vUe5behF2dHI0asNSzC1zzyaNtQRAyYQ":{"chainKey":{"counter":0,"key":"Tpykr1Spj2T/Hvd4/Zcm2JOvNGu9ei7d1nT7R5rWXYw="},"chainType":1,"messageKeys":{}}},"pendingPreKey":{"signedKeyId":24,"baseKey":"BbcQKW27BBQ5PBEez6rTKwhWKXEIJWhFugGF94fKAswl","preKeyId":11270052}}},"version":"v1"}