{"_sessions":{"BW/tCMcXfxkq92J3DkVNnIJbQvulHGJRYNxILsLCxf8c":{"registrationId":2027633095,"currentRatchet":{"ephemeralKeyPair":{"pubKey":"BdjFfIK3atD3HPRhemQ7JG7KLOR1oBUjjBSl4XI7OGMk","privKey":"aN/JISqANI/guahY2pZRq+Z9vD4VmaMqCB+KWGnHwlM="},"lastRemoteEphemeralKey":"BV8ZkWo2ocGCZRD5ULRrySnOsqE8bQqMPDuLAmbDL651","previousCounter":0,"rootKey":"SyaAo7qu3828U0lJOv4DA7JwENeE6Szwq5aU6LpChgk="},"indexInfo":{"baseKey":"BW/tCMcXfxkq92J3DkVNnIJbQvulHGJRYNxILsLCxf8c","baseKeyType":1,"closed":1721227177888,"used":1721227175555,"created":1721227175555,"remoteIdentityKey":"BTmHXNA5uR6G/+UKNHOAsPr2W1OAHNhz1uJ6mui8H+5Z"},"_chains":{"BdjFfIK3atD3HPRhemQ7JG7KLOR1oBUjjBSl4XI7OGMk":{"chainKey":{"counter":-1,"key":"P04vBlprhs2LYfnqCSZHgQfxp1mdsD47Y56YufNQRr0="},"chainType":1,"messageKeys":{}}},"pendingPreKey":{"signedKeyId":4,"baseKey":"BW/tCMcXfxkq92J3DkVNnIJbQvulHGJRYNxILsLCxf8c","preKeyId":13963108}},"BQ+jZy4JuffHDUi/FpSgNEt3sNSPgCnzUT938w714xxM":{"registrationId":2027633095,"currentRatchet":{"ephemeralKeyPair":{"pubKey":"BcDE8ga3sI+AlhORmxKOQD6UEn6xQwWI75ga6UOk/rxY","privKey":"KGhQzpcUGBj+JSx3tLY3FqAbus1ZBdpi/zx8wvcMEWo="},"lastRemoteEphemeralKey":"BV8ZkWo2ocGCZRD5ULRrySnOsqE8bQqMPDuLAmbDL651","previousCounter":0,"rootKey":"pXnZ8hWoeD13MIfPIfep0xqEJrPY7M3eEWc6jMGsIjg="},"indexInfo":{"baseKey":"BQ+jZy4JuffHDUi/FpSgNEt3sNSPgCnzUT938w714xxM","baseKeyType":1,"closed":-1,"used":1721227177886,"created":1721227177886,"remoteIdentityKey":"BTmHXNA5uR6G/+UKNHOAsPr2W1OAHNhz1uJ6mui8H+5Z"},"_chains":{"BcDE8ga3sI+AlhORmxKOQD6UEn6xQwWI75ga6UOk/rxY":{"chainKey":{"counter":1,"key":"YubCnRMbO15uthElS9j3ygyTXicjCuqT0wfheFtY/L0="},"chainType":1,"messageKeys":{}}},"pendingPreKey":{"signedKeyId":4,"baseKey":"BQ+jZy4JuffHDUi/FpSgNEt3sNSPgCnzUT938w714xxM","preKeyId":13963556}}},"version":"v1"}