{"_sessions":{"BXRggsJ9vu43RnhPxktj1e6laIezpzDX3dTcevMa4EQ1":{"registrationId":12068,"currentRatchet":{"ephemeralKeyPair":{"pubKey":"BThAX97Qk7KKrDfXnZicp57W/12NWcGYnVA5X5EFVmg9","privKey":"aNMGAZvXt/Rv0RO8FpVWpVKWiqMHIF6oXnnkD439M10="},"lastRemoteEphemeralKey":"BTjtKHNJMPyVz2wmkPbDY4WVYSPMO8sKvKPFCYuixk5G","previousCounter":0,"rootKey":"glcCmXQzY+Hic+aASGhb3Bhqu8zRaKRbg6qKdpuYPoQ="},"indexInfo":{"baseKey":"BXRggsJ9vu43RnhPxktj1e6laIezpzDX3dTcevMa4EQ1","baseKeyType":1,"closed":-1,"used":1721227116145,"created":1721227116145,"remoteIdentityKey":"BZ6LIlLUAUkO45c4ynvB4f2M38Ka3TCFM/kIl9jNLFYB"},"_chains":{"BThAX97Qk7KKrDfXnZicp57W/12NWcGYnVA5X5EFVmg9":{"chainKey":{"counter":0,"key":"dfRGS8KU51kQ+Ymd1oZNfqhRa6uQ3/L47zNH4aUTALM="},"chainType":1,"messageKeys":{}}},"pendingPreKey":{"signedKeyId":1,"baseKey":"BXRggsJ9vu43RnhPxktj1e6laIezpzDX3dTcevMa4EQ1"}}},"version":"v1"}