{"_sessions":{"BdlJzTBt1kPlnl2skGG9YXc9flZyPVwtMzmMCP6othJC":{"registrationId":1964348037,"currentRatchet":{"ephemeralKeyPair":{"pubKey":"BTvdeEYbGSIFzkrKrfj/ueVqjxboPSpkeLZ/jiYDhZUc","privKey":"WOh3duF5zEpZ6gb+9eqLP8D6TBWec0Qgf1GwwWkOlFE="},"lastRemoteEphemeralKey":"BYCk19/MGHyAOBQg0bfnmpvTw4WQ5liEgz7nnxBZJ8VP","previousCounter":0,"rootKey":"fiPdJ2dHpuIQWPv3k1V5GJszE3CJ5Rx3m2J0gOlRSIQ="},"indexInfo":{"baseKey":"BdlJzTBt1kPlnl2skGG9YXc9flZyPVwtMzmMCP6othJC","baseKeyType":1,"closed":-1,"used":1721227117051,"created":1721227117051,"remoteIdentityKey":"BQd7gQiKokPWS+PpAlew9I27WCmqcXoIz8qBjsKjfDZm"},"_chains":{"BTvdeEYbGSIFzkrKrfj/ueVqjxboPSpkeLZ/jiYDhZUc":{"chainKey":{"counter":0,"key":"qLfK3siECop5pHcqwwgqbB32lkORQFUA6dOIQsEsjbI="},"chainType":1,"messageKeys":{}}},"pendingPreKey":{"signedKeyId":3,"baseKey":"BdlJzTBt1kPlnl2skGG9YXc9flZyPVwtMzmMCP6othJC","preKeyId":16406355}}},"version":"v1"}