{"_sessions":{"BckrjiNdcl7qnj0Oo2iwwixlCcx8TblMZIc7c7YN5AZO":{"registrationId":548088862,"currentRatchet":{"ephemeralKeyPair":{"pubKey":"BQlfpxwmms4sYszktcqFZg624Cm/R6eZLvmJTOFh6co0","privKey":"IM5sQbO3orGFPAZRCQuSzXm1wxhpF+MXDX7dFzOSsUI="},"lastRemoteEphemeralKey":"BStkkmik4EgKgRP30BAagrazYDBoEnksIsxl6MQEME5h","previousCounter":0,"rootKey":"3zqiSr70OT21rBGfeff38hgfyV5I69I0HMm/nJp0m8I="},"indexInfo":{"baseKey":"BckrjiNdcl7qnj0Oo2iwwixlCcx8TblMZIc7c7YN5AZO","baseKeyType":1,"closed":1721227178577,"used":1721227175808,"created":1721227175808,"remoteIdentityKey":"BSNmuj1yOONFu0/7juRh3rCE5iZcj0i9NVfAdQ+RpFsO"},"_chains":{"BQlfpxwmms4sYszktcqFZg624Cm/R6eZLvmJTOFh6co0":{"chainKey":{"counter":-1,"key":"thIH/FfTWYPN0/WtiAG1VIYVE9DQV1ZGeiOtoiPxzMo="},"chainType":1,"messageKeys":{}}},"pendingPreKey":{"signedKeyId":6,"baseKey":"BckrjiNdcl7qnj0Oo2iwwixlCcx8TblMZIc7c7YN5AZO","preKeyId":8080179}},"BaPBlxZ6xQCA2U3ngaQQlwC3cAdiq5WGf3rYIbdbLrtU":{"registrationId":548088862,"currentRatchet":{"ephemeralKeyPair":{"pubKey":"BQlAr/8jJLk5cYQeGAAUYfTW4P4xoo2v/qnQYw6mqkxo","privKey":"uFR9cSuE5G5Ytdujsp5dY6G0r61IL34Qa5vrV8xlY00="},"lastRemoteEphemeralKey":"BStkkmik4EgKgRP30BAagrazYDBoEnksIsxl6MQEME5h","previousCounter":0,"rootKey":"ocGMPrEE+wPbZLG7USFat7TcnMXT+/HNxomdZy2CBxY="},"indexInfo":{"baseKey":"BaPBlxZ6xQCA2U3ngaQQlwC3cAdiq5WGf3rYIbdbLrtU","baseKeyType":1,"closed":-1,"used":1721227178575,"created":1721227178575,"remoteIdentityKey":"BSNmuj1yOONFu0/7juRh3rCE5iZcj0i9NVfAdQ+RpFsO"},"_chains":{"BQlAr/8jJLk5cYQeGAAUYfTW4P4xoo2v/qnQYw6mqkxo":{"chainKey":{"counter":1,"key":"rm7FvCVZhB4kaymbznfAgV1P5NRh+V8dlO3MR2GuvP8="},"chainType":1,"messageKeys":{}}},"pendingPreKey":{"signedKeyId":6,"baseKey":"BaPBlxZ6xQCA2U3ngaQQlwC3cAdiq5WGf3rYIbdbLrtU","preKeyId":8080014}}},"version":"v1"}