{"_sessions":{"Be8doa3r90GVlUj/EOersTR935pn7wNV1+zI9fwydJtF":{"registrationId":4352,"currentRatchet":{"ephemeralKeyPair":{"pubKey":"BfbgrnxMLRItG1EnmeqAdGlWfJnkTXLEK6qjMZwTMMFQ","privKey":"EHGIlZbDDCUsKyeRc6hiwFTsEr4VAPgnO80sqIBjUXs="},"lastRemoteEphemeralKey":"BSZrfrx6Th42tRuok3dUfaY8PS72gBaivMyQmisPeRIz","previousCounter":0,"rootKey":"QENJbDT9Um+zUUHkFGnunuNQ8PdqkTIKdlaRUkJlqRk="},"indexInfo":{"baseKey":"Be8doa3r90GVlUj/EOersTR935pn7wNV1+zI9fwydJtF","baseKeyType":1,"closed":-1,"used":1721227116008,"created":1721227116008,"remoteIdentityKey":"BevPFt5C/ivY0b4GRBEUxfaA2eufhDWE6hNDxQP0Ufxq"},"_chains":{"BfbgrnxMLRItG1EnmeqAdGlWfJnkTXLEK6qjMZwTMMFQ":{"chainKey":{"counter":0,"key":"19lf8nsQmDSuF7Q3rpG8Zec4lpulTXSF2yb8canXv8o="},"chainType":1,"messageKeys":{}}},"pendingPreKey":{"signedKeyId":1,"baseKey":"Be8doa3r90GVlUj/EOersTR935pn7wNV1+zI9fwydJtF"}}},"version":"v1"}