{"_sessions":{"Bdllm5OUkFGLbUbgd9pXDfA0aupkf4j63kliXtP/JhR2":{"registrationId":1455733043,"currentRatchet":{"ephemeralKeyPair":{"pubKey":"BWwBIW798m8x9vj9EFXV/DblH0m1BM5gayPggVUIvEU0","privKey":"UL9F4yRi09+lX3aBfF9h6iFyiK35MdNOBruiK/ZXqWw="},"lastRemoteEphemeralKey":"BQE5Z0sMPnsx0q0gZgdc4muLiwvtzLFMaLKAuhZZ540M","previousCounter":0,"rootKey":"H8aWU6V9AIfTz1Z3i2joCapZaYQAQzS/pVWiWlEgydE="},"indexInfo":{"baseKey":"Bdllm5OUkFGLbUbgd9pXDfA0aupkf4j63kliXtP/JhR2","baseKeyType":1,"closed":-1,"used":1721227117416,"created":1721227117416,"remoteIdentityKey":"BfmKJFxBHk7m0vpfAQxlsLMN6WM1KzdxfriY1vtw/npC"},"_chains":{"BWwBIW798m8x9vj9EFXV/DblH0m1BM5gayPggVUIvEU0":{"chainKey":{"counter":0,"key":"yQ1R2xuQlQt8zyzqN0Rdbbx1gL4atpF1L8r9YTyHBpU="},"chainType":1,"messageKeys":{}}},"pendingPreKey":{"signedKeyId":61,"baseKey":"Bdllm5OUkFGLbUbgd9pXDfA0aupkf4j63kliXtP/JhR2"}}},"version":"v1"}