{"_sessions":{"BdEMC8Mfmyx6vyIvE8KLKP4iuqAMqsQWNQe7UIomSzJn":{"registrationId":12676,"currentRatchet":{"ephemeralKeyPair":{"pubKey":"BYGJmgzxOJnHv9Apc9YNkLz0YHuCyQjBpQSuz6/pC0Fj","privKey":"yOYZNyWb7ekmhMgdV2meCzc47JviHw6zVSWjafnu4V0="},"lastRemoteEphemeralKey":"BcuT1qYPOTw97rD1zPpuJL/cqmkkPo9yZrisDVoR6jtu","previousCounter":0,"rootKey":"sxpCpsTdDsv+s4GRnJO70s1hKhvkSoefsCmhALaRvfg="},"indexInfo":{"baseKey":"BdEMC8Mfmyx6vyIvE8KLKP4iuqAMqsQWNQe7UIomSzJn","baseKeyType":1,"closed":-1,"used":1721227115737,"created":1721227115737,"remoteIdentityKey":"BcBApTQeb7gNm2xq4DwxmKis6vawGaVybUQWJ7jfU28O"},"_chains":{"BYGJmgzxOJnHv9Apc9YNkLz0YHuCyQjBpQSuz6/pC0Fj":{"chainKey":{"counter":0,"key":"j9Ku8oAy5WI0nGa7wGImJdZDtl33pePuk+S349C2xiQ="},"chainType":1,"messageKeys":{}}},"pendingPreKey":{"signedKeyId":1,"baseKey":"BdEMC8Mfmyx6vyIvE8KLKP4iuqAMqsQWNQe7UIomSzJn","preKeyId":2142}}},"version":"v1"}