{"_sessions":{"BSCRlJ1gA8kvCJWRDX9Lr5RFW3I2UXc9c5q2TF65qGM5":{"registrationId":1088233160,"currentRatchet":{"ephemeralKeyPair":{"pubKey":"BSiBMQTzeiHcyJgiScAbpQWpnE+1UoBjTajocBo7rKA+","privKey":"uOyLhPm1HNUaehs7XXidZ30wApjpHdQ1VQahmDXS11s="},"lastRemoteEphemeralKey":"BRzXW574DPc4/4TMfZ3IboDhS+zQH6OAt4PXezEEMdcC","previousCounter":0,"rootKey":"fvp3GQTfmxDd3CRUyUfV9N2/F0w43d5poXGWWl+4CWo="},"indexInfo":{"baseKey":"BSCRlJ1gA8kvCJWRDX9Lr5RFW3I2UXc9c5q2TF65qGM5","baseKeyType":1,"closed":-1,"used":1721227117047,"created":1721227117047,"remoteIdentityKey":"BZnJOm5p4m3mLSZHB8ocVlV8hGlzSMvy7/L14gdi688W"},"_chains":{"BSiBMQTzeiHcyJgiScAbpQWpnE+1UoBjTajocBo7rKA+":{"chainKey":{"counter":0,"key":"LZ1ZpCmNHv+o+Q1+9zm136T+81lPMXY9VTiI2JngeU0="},"chainType":1,"messageKeys":{}}},"pendingPreKey":{"signedKeyId":36,"baseKey":"BSCRlJ1gA8kvCJWRDX9Lr5RFW3I2UXc9c5q2TF65qGM5","preKeyId":11031040}}},"version":"v1"}