{"_sessions":{"BXL6kx7teGtKQINjir2nPRHd1RE49dGCO1xJNAdNvu8t":{"registrationId":85515559,"currentRatchet":{"ephemeralKeyPair":{"pubKey":"BdpDC6DtZmhXbUdE9ok1Ofl/HzzArH0DPSDnHZ2Ixok0","privKey":"2Jp4giK8ZB1eB8eITO5FCKLs125byFw2nDce5Oisr3o="},"lastRemoteEphemeralKey":"BdejaY/sdr7XTLm9SGQFJcAHEwbquvsEM0oi6T7F/KQC","previousCounter":0,"rootKey":"mBCsy7ouz9JftVEXWRg7a1iOF5rxujN08t8t0qMLWac="},"indexInfo":{"baseKey":"BXL6kx7teGtKQINjir2nPRHd1RE49dGCO1xJNAdNvu8t","baseKeyType":1,"closed":-1,"used":1721227117211,"created":1721227117211,"remoteIdentityKey":"BbnG67ScQdgowgUgu0GL5/3ck6PcQK8Wm+xJ+eWOfllI"},"_chains":{"BdpDC6DtZmhXbUdE9ok1Ofl/HzzArH0DPSDnHZ2Ixok0":{"chainKey":{"counter":0,"key":"0pYi2dCSqhMkRcsbYoFFEusRpKt1DRcCC6b0lMpkK0o="},"chainType":1,"messageKeys":{}}},"pendingPreKey":{"signedKeyId":33,"baseKey":"BXL6kx7teGtKQINjir2nPRHd1RE49dGCO1xJNAdNvu8t","preKeyId":717896}}},"version":"v1"}