{"_sessions":{"BYpF7Y2XwTJNvMRrN859LjUkmkkITdqXlfWtti0ILWlH":{"registrationId":1334626810,"currentRatchet":{"ephemeralKeyPair":{"pubKey":"BVddrgGd1lx8fCNpIGTEiMPIr+8bTouuJ2Fq0WJ4WDRs","privKey":"cCk3sNjTBfVJe0fp+4Bb+pSgVoBSLi/7iT5MV4l+cFo="},"lastRemoteEphemeralKey":"BZI3TBgb0SHeIUzKeZ6D5HGfIG+3FrHTC6mbSaNZfn8B","previousCounter":0,"rootKey":"Bn+Uo1mov3YRhw0MwyUWPeIafUd85h7MchPBq72NKks="},"indexInfo":{"baseKey":"BYpF7Y2XwTJNvMRrN859LjUkmkkITdqXlfWtti0ILWlH","baseKeyType":1,"closed":-1,"used":1721227117234,"created":1721227117234,"remoteIdentityKey":"BbneO2jkpvM91E5uvrgZAcojBQOouT/gwfrE2xBFxEBo"},"_chains":{"BVddrgGd1lx8fCNpIGTEiMPIr+8bTouuJ2Fq0WJ4WDRs":{"chainKey":{"counter":0,"key":"mspfCPENOyjiDBCXTcAaZGikEYR89jNMQJtVLSm8WsQ="},"chainType":1,"messageKeys":{}}},"pendingPreKey":{"signedKeyId":0,"baseKey":"BYpF7Y2XwTJNvMRrN859LjUkmkkITdqXlfWtti0ILWlH","preKeyId":11719418}}},"version":"v1"}