{"_sessions":{"BYvlO36IKnvUPQ5m9p0EGjYoWCotfT8C6pzAWcuQFTEJ":{"registrationId":1771347429,"currentRatchet":{"ephemeralKeyPair":{"pubKey":"BQmT2wqVUrlKfX5dfO6Vh4fqLBTV3b5GTwBGUj7UExoz","privKey":"8EL4dPf8d8KsMIjnGzGHtdGOBWqmUibnZsGdarrNM3M="},"lastRemoteEphemeralKey":"BSAyZDvjdMZ+dcj+CDPp5rszeguGL1/DmOZsF13GysIu","previousCounter":0,"rootKey":"jCnCBsyInkArBQCIFyGUpG50oYGKqGDjLs7EbY2TWnY="},"indexInfo":{"baseKey":"BYvlO36IKnvUPQ5m9p0EGjYoWCotfT8C6pzAWcuQFTEJ","baseKeyType":1,"closed":-1,"used":1721227117617,"created":1721227117617,"remoteIdentityKey":"BTFLe1iWptl07sccZDzKg/xfKqMUNJQEnweCYaGBBXQO"},"_chains":{"BQmT2wqVUrlKfX5dfO6Vh4fqLBTV3b5GTwBGUj7UExoz":{"chainKey":{"counter":0,"key":"jQ3dPocp2OoDmlRzYmqyEgQt+w9IA112huw8SwJx1qo="},"chainType":1,"messageKeys":{}}},"pendingPreKey":{"signedKeyId":0,"baseKey":"BYvlO36IKnvUPQ5m9p0EGjYoWCotfT8C6pzAWcuQFTEJ"}}},"version":"v1"}