{"_sessions":{"Bfrp1RFUvP10X+0w6tyu0L+8AE9TGnrl+ZlX5K1AAPJU":{"registrationId":67536277,"currentRatchet":{"ephemeralKeyPair":{"pubKey":"Be6YEs3B3c+T08yDthQoW61qcoVrNNhRmLNzpng8TZR3","privKey":"8ITxM9zlx/GCZKQn9huP2y49mUQIXZw5ZxiWtDie42s="},"lastRemoteEphemeralKey":"BSA+fOhWphyy3WxnCSMRnB/ROKXjJTijpQeUjB/KIaor","previousCounter":0,"rootKey":"mwZkLu0OmqjUTa4mX3Aaau4/Ev0IsDMLYfnoUJoK0Rc="},"indexInfo":{"baseKey":"Bfrp1RFUvP10X+0w6tyu0L+8AE9TGnrl+ZlX5K1AAPJU","baseKeyType":1,"closed":-1,"used":1721227117605,"created":1721227117605,"remoteIdentityKey":"BfkhI2l4jggunVHM9mpNkHcy5f+Xc4EY+pE0FJlfZn8Z"},"_chains":{"Be6YEs3B3c+T08yDthQoW61qcoVrNNhRmLNzpng8TZR3":{"chainKey":{"counter":0,"key":"xO+3m9IcRd6OiBhOh1PsOiKs0fpBDJAJfVFZld8Dm1U="},"chainType":1,"messageKeys":{}}},"pendingPreKey":{"signedKeyId":1,"baseKey":"Bfrp1RFUvP10X+0w6tyu0L+8AE9TGnrl+ZlX5K1AAPJU"}}},"version":"v1"}