{"_sessions":{"BUBqOkLmZWuB1svmz1OmphuiLVwqHOBzH9ER8YOAXcwQ":{"registrationId":1004697699,"currentRatchet":{"ephemeralKeyPair":{"pubKey":"BeQwUFqvSPF7qOxp00MAPyZMJxJCQjX9zG6FL7em/nxE","privKey":"sI0YTsBb5L6zYp7oB/3f32FyXttY00kvoFMHH0xjWVc="},"lastRemoteEphemeralKey":"BQJySrRVmkx4oUhFvCxIgLnQBvhK8+z0omi1idO7nspz","previousCounter":0,"rootKey":"8MlY/LHWr10x/e5znnGbAv1bOgMxCmBENtSZT5uIyrc="},"indexInfo":{"baseKey":"BUBqOkLmZWuB1svmz1OmphuiLVwqHOBzH9ER8YOAXcwQ","baseKeyType":1,"closed":1721227178042,"used":1721227175576,"created":1721227175576,"remoteIdentityKey":"BUBzvq1y5hvk9sZfwkgN3G7L1OrJNq+a1OQY22LX7IoB"},"_chains":{"BeQwUFqvSPF7qOxp00MAPyZMJxJCQjX9zG6FL7em/nxE":{"chainKey":{"counter":-1,"key":"WL/F3iRPpVWjlsmneE+lygqebtl5jihyEWq/xXnmK6c="},"chainType":1,"messageKeys":{}}},"pendingPreKey":{"signedKeyId":4,"baseKey":"BUBqOkLmZWuB1svmz1OmphuiLVwqHOBzH9ER8YOAXcwQ","preKeyId":11282656}},"BYF1t+PzRBRLoR6qHTsJ7f/mh9KNOn6IDMhCflFVyOk9":{"registrationId":1004697699,"currentRatchet":{"ephemeralKeyPair":{"pubKey":"Bf/ek2/LwTR1QvcmU78q1kQ9E/Yodl777ppK18gcGRIj","privKey":"GL3HKSvi1jLyh8zIAQKvJiki4vDmgwGfbqEJ+7jI6V4="},"lastRemoteEphemeralKey":"BQJySrRVmkx4oUhFvCxIgLnQBvhK8+z0omi1idO7nspz","previousCounter":0,"rootKey":"ZkZIizvSaIukluW9LnVRWknTA/qYc7SN0nw622rEZyA="},"indexInfo":{"baseKey":"BYF1t+PzRBRLoR6qHTsJ7f/mh9KNOn6IDMhCflFVyOk9","baseKeyType":1,"closed":-1,"used":1721227178039,"created":1721227178039,"remoteIdentityKey":"BUBzvq1y5hvk9sZfwkgN3G7L1OrJNq+a1OQY22LX7IoB"},"_chains":{"Bf/ek2/LwTR1QvcmU78q1kQ9E/Yodl777ppK18gcGRIj":{"chainKey":{"counter":1,"key":"A/722MViXPeb0SWXYJ2+g4O2rNFGcCMMIK4eQMoRHaM="},"chainType":1,"messageKeys":{}}},"pendingPreKey":{"signedKeyId":4,"baseKey":"BYF1t+PzRBRLoR6qHTsJ7f/mh9KNOn6IDMhCflFVyOk9","preKeyId":11282521}}},"version":"v1"}