{"_sessions":{"BeOAzS1zqVy/m1YSkaRf6zLaBeUzFXikyF8Rz8I61KkO":{"registrationId":166,"currentRatchet":{"ephemeralKeyPair":{"pubKey":"BVDZvzRPdp6awTmeKBNKisWysihDJESBlCaHEgLn/gAG","privKey":"gHV06wN+wH6sXMH8+u6RrIo8Q8gpLAlFguGQ8yF3PW4="},"lastRemoteEphemeralKey":"BVBJsTh+0Aj0g3GmquFIftvlUEgFO4tA6wkVDowsRmY6","previousCounter":0,"rootKey":"g224MSfTyrHUX4TLBliRjn+JnrcDZU2Moq/h7/jV9mY="},"indexInfo":{"baseKey":"BeOAzS1zqVy/m1YSkaRf6zLaBeUzFXikyF8Rz8I61KkO","baseKeyType":1,"closed":-1,"used":1721227116339,"created":1721227116339,"remoteIdentityKey":"Bc5kYUxmNLubn1DtGilcOSDwa9Rk9Usih7vO3A2WaDI3"},"_chains":{"BVDZvzRPdp6awTmeKBNKisWysihDJESBlCaHEgLn/gAG":{"chainKey":{"counter":0,"key":"cW29WnyF3OY9gPLCfpjpa22FhOhkx70twBdHhbozEGw="},"chainType":1,"messageKeys":{}}},"pendingPreKey":{"signedKeyId":1,"baseKey":"BeOAzS1zqVy/m1YSkaRf6zLaBeUzFXikyF8Rz8I61KkO"}}},"version":"v1"}