{"_sessions":{"BVD3jVAREBhALzZkJIXrgHiShA4qMBdGeDAzbpIKhW0g":{"registrationId":2017820977,"currentRatchet":{"ephemeralKeyPair":{"pubKey":"BZfC0LTgAX7UNGSFunMbAKBY4nYILPzKoMrMULmdWdQQ","privKey":"MNZvZV1kozly6UP7MoSqgKv9I9gAQ9DZXzE0j4z41VA="},"lastRemoteEphemeralKey":"BXCB+7hbwiJvUg3izLN0sNPSuWAfEW6AfTnQ9tLpN5RV","previousCounter":0,"rootKey":"KkB+tWJ+hacgrEF9NNsN1fcC1Y5E5eEbicNqudE2aME="},"indexInfo":{"baseKey":"BVD3jVAREBhALzZkJIXrgHiShA4qMBdGeDAzbpIKhW0g","baseKeyType":1,"closed":-1,"used":1721227116433,"created":1721227116433,"remoteIdentityKey":"BYw/6zLTtDKye4/kN/Y/8zfk8Y+mvxQN/zxtXG/ZjicI"},"_chains":{"BZfC0LTgAX7UNGSFunMbAKBY4nYILPzKoMrMULmdWdQQ":{"chainKey":{"counter":0,"key":"8shcRpLhQNfEhXy0OU/gEnSCJ31n/35JRRoleirYUNk="},"chainType":1,"messageKeys":{}}},"pendingPreKey":{"signedKeyId":1,"baseKey":"BVD3jVAREBhALzZkJIXrgHiShA4qMBdGeDAzbpIKhW0g","preKeyId":436292}}},"version":"v1"}