{"_sessions":{"BdKyHfeRWhaeGpIui8DePdqz54K1wEbWZyK7fUBVXKxp":{"registrationId":3639,"currentRatchet":{"ephemeralKeyPair":{"pubKey":"BYVttEb8aq3CAPn8kt4XsbehjMTFYFWgk3W7eEVPpF4c","privKey":"8EBI9tzqVRPv3RNGhOgl6yhIw3vI+c5FF8OCbyRstFc="},"lastRemoteEphemeralKey":"BXYDdCzdbKt5pv3EBk7R2qZRgH7JwYiGTVPGj+1sV6k7","previousCounter":0,"rootKey":"2O4Z+KWp0z4evGPAuB5Dvd6/nS/HoGBnC2nKDw1sdts="},"indexInfo":{"baseKey":"BdKyHfeRWhaeGpIui8DePdqz54K1wEbWZyK7fUBVXKxp","baseKeyType":1,"closed":-1,"used":1721227116156,"created":1721227116156,"remoteIdentityKey":"BWS16mfvBmGdm6Yde287bTtPIj7zrZDuA8lsZH1EnvIk"},"_chains":{"BYVttEb8aq3CAPn8kt4XsbehjMTFYFWgk3W7eEVPpF4c":{"chainKey":{"counter":0,"key":"Y98HWsgMkPoFRoVqE4/W90CWR/QSalxNQui8eWJ4OWs="},"chainType":1,"messageKeys":{}}},"pendingPreKey":{"signedKeyId":1,"baseKey":"BdKyHfeRWhaeGpIui8DePdqz54K1wEbWZyK7fUBVXKxp","preKeyId":1917}}},"version":"v1"}