{"_sessions":{"BXlb+QemnFBfRX9V7pY43JeX+5imY4kan58YMeZZwBAb":{"registrationId":15496,"currentRatchet":{"ephemeralKeyPair":{"pubKey":"Bakpk3ZQmMOVWuExezkA5sdHJ2ooUvonp+xAKotpwbFQ","privKey":"WNo21c0Bf9thTjrOcM2ykVJWdH5ZdG7b9xzIgK02uE0="},"lastRemoteEphemeralKey":"BZHQmvXY0BU/CRBTtxzKlyZEzq6e84swjzFjVzI9m7RB","previousCounter":0,"rootKey":"eDbG+u+kD4lVaAVqgLmLPLmSCzEpJcn0MpPAuNUkAz0="},"indexInfo":{"baseKey":"BXlb+QemnFBfRX9V7pY43JeX+5imY4kan58YMeZZwBAb","baseKeyType":1,"closed":-1,"used":1721227116252,"created":1721227116252,"remoteIdentityKey":"BaySnVXLCuzr0C6nQ6Cidv4OXaDwYSnltRUThb6DHEc7"},"_chains":{"Bakpk3ZQmMOVWuExezkA5sdHJ2ooUvonp+xAKotpwbFQ":{"chainKey":{"counter":0,"key":"VA2+5V/KCiK4RHMw1aXGSAhYqG6PSV4Kw5r3LsTT6LA="},"chainType":1,"messageKeys":{}}},"pendingPreKey":{"signedKeyId":1,"baseKey":"BXlb+QemnFBfRX9V7pY43JeX+5imY4kan58YMeZZwBAb","preKeyId":749}}},"version":"v1"}