{"_sessions":{"BXp2OGDwZKFVhV3fGZ3ku5GkIWSFHokzeg9Mc+sf8JUO":{"registrationId":2064596309,"currentRatchet":{"ephemeralKeyPair":{"pubKey":"BSGUVxHdpU8TVhTCnLFN3srq6wTzp/FeEVYMFqRSzE5A","privKey":"EJrTE2+snLCjGnaUaX7zOIiaSkHJKWA9OSJP7yWPV2s="},"lastRemoteEphemeralKey":"BXP1gux9k5UhMSgv7MgV4/IQVXnNZR3jnSF/WpkmAfhf","previousCounter":0,"rootKey":"oZfb5Gv+X0nrqrmasPnum0LYU7Vexk96ggtfOblo38E="},"indexInfo":{"baseKey":"BXp2OGDwZKFVhV3fGZ3ku5GkIWSFHokzeg9Mc+sf8JUO","baseKeyType":1,"closed":-1,"used":1721227117420,"created":1721227117420,"remoteIdentityKey":"BR1kpEZM5fd2m9sdKrHDIzmBpw8tONUNedkw0nDBJ3xB"},"_chains":{"BSGUVxHdpU8TVhTCnLFN3srq6wTzp/FeEVYMFqRSzE5A":{"chainKey":{"counter":0,"key":"jiYeTMg7JVMzkxrsBGHEECOLGekGNYLZiXTB/Eh5Sb8="},"chainType":1,"messageKeys":{}}},"pendingPreKey":{"signedKeyId":0,"baseKey":"BXp2OGDwZKFVhV3fGZ3ku5GkIWSFHokzeg9Mc+sf8JUO","preKeyId":14354283}}},"version":"v1"}