{"_sessions":{"BWRd3MTECxrJ29LrMOlkohP9Vqv8SgCiXPzZs/K8W00J":{"registrationId":125,"currentRatchet":{"ephemeralKeyPair":{"pubKey":"BVFZgWM8/8JAmz2u75bYyKhq/qLsg8cPt9tkJ5eoYKRf","privKey":"gCVoEyx0ot+6xGWsftTjT4azdEl+G56iQIzcjmVxjkc="},"lastRemoteEphemeralKey":"Bd6w1xYNTqtq/RNqSm89ARPxj/S0JUMHQvoo1GY4KppS","previousCounter":0,"rootKey":"UOMSmjvauHWkZvVoo2jamb5HFYtKpnGQz3iq/QAKsVU="},"indexInfo":{"baseKey":"BWRd3MTECxrJ29LrMOlkohP9Vqv8SgCiXPzZs/K8W00J","baseKeyType":1,"closed":1721227177437,"used":1721227175432,"created":1721227175432,"remoteIdentityKey":"BSDPM13A+VDea3fBYeg+0Ne/+SGV115jWmSTNlAo+fhV"},"_chains":{"BVFZgWM8/8JAmz2u75bYyKhq/qLsg8cPt9tkJ5eoYKRf":{"chainKey":{"counter":-1,"key":"k86vakYBPWgrN80fbMXJQqOmWP/DQBiR/s1EYpFYzRc="},"chainType":1,"messageKeys":{}}},"pendingPreKey":{"signedKeyId":1,"baseKey":"BWRd3MTECxrJ29LrMOlkohP9Vqv8SgCiXPzZs/K8W00J"}},"BROGmJw1N+YlKyfxxSG1MfQp4pg8bw7LbiuMrMXpeioT":{"registrationId":125,"currentRatchet":{"ephemeralKeyPair":{"pubKey":"BcdArFyaMPA3l7CvpVjKpS82bZmonwEqNM4zWL2U4js7","privKey":"aFCzr/AENnlO6xGzSVG3bE43J2xzT6pBQITuH3B9PF8="},"lastRemoteEphemeralKey":"Bd6w1xYNTqtq/RNqSm89ARPxj/S0JUMHQvoo1GY4KppS","previousCounter":0,"rootKey":"o19+yxdiQ41HD5VViU1elExpfTgodV/OeHvxkLYOsqo="},"indexInfo":{"baseKey":"BROGmJw1N+YlKyfxxSG1MfQp4pg8bw7LbiuMrMXpeioT","baseKeyType":1,"closed":-1,"used":1721227177434,"created":1721227177434,"remoteIdentityKey":"BSDPM13A+VDea3fBYeg+0Ne/+SGV115jWmSTNlAo+fhV"},"_chains":{"BcdArFyaMPA3l7CvpVjKpS82bZmonwEqNM4zWL2U4js7":{"chainKey":{"counter":1,"key":"MjCQiuPqqckIQBhT0W3N/59BMkQ0y5BwvtR8upN7K8A="},"chainType":1,"messageKeys":{}}},"pendingPreKey":{"signedKeyId":1,"baseKey":"BROGmJw1N+YlKyfxxSG1MfQp4pg8bw7LbiuMrMXpeioT"}}},"version":"v1"}