{"_sessions":{"BYCRZN5h4yZTc/RewqwWozmSc+FKaNlSaQ6/osxZcaAu":{"registrationId":1655198927,"currentRatchet":{"ephemeralKeyPair":{"pubKey":"BRrT6zvhIQ0U1swhPfgg9bOlqqmJ67+no9MZeb2WEW5p","privKey":"6EPHJB+grX6zY771pA1JE28g+8MCP5llJSF6532Y/W4="},"lastRemoteEphemeralKey":"BcPUFxREpF2mnzQso/sBYAU1emv9+uloEUk4y6k0g3kw","previousCounter":0,"rootKey":"5OVLehbMHtD3JLL2OVpPHGOl/NICm/fpVSXsRvG0yDE="},"indexInfo":{"baseKey":"BYCRZN5h4yZTc/RewqwWozmSc+FKaNlSaQ6/osxZcaAu","baseKeyType":1,"closed":-1,"used":1721227117465,"created":1721227117465,"remoteIdentityKey":"BcFun6wqshCnopyxxmqIfb6JiXghheDMc8i3ovbn2wE+"},"_chains":{"BRrT6zvhIQ0U1swhPfgg9bOlqqmJ67+no9MZeb2WEW5p":{"chainKey":{"counter":0,"key":"zjWh4Y8ipfjTIwXvXPBus8FLu+6MPGh+WCUU0tM9I70="},"chainType":1,"messageKeys":{}}},"pendingPreKey":{"signedKeyId":0,"baseKey":"BYCRZN5h4yZTc/RewqwWozmSc+FKaNlSaQ6/osxZcaAu"}}},"version":"v1"}