{"_sessions":{"Bdp84IMc/V/luax1uMh7rUQWrTe56t6VMZN+KW9C8Fxu":{"registrationId":1046807418,"currentRatchet":{"ephemeralKeyPair":{"pubKey":"BUoH54aPZGqhH2nPEwUgNsPS2hXyBvchBiraNlQvt3Mr","privKey":"4IPO1DeesTZG91/Dz3dtXzaTchJRfZXYTy1ogjQdq3Q="},"lastRemoteEphemeralKey":"BdzE4Tvqu4Ni7eBT5F0uhMUyoXNO/RplLuVMXdqGY1xg","previousCounter":0,"rootKey":"lVlznH3dr/p2r3G8kneiNApF+esm976h0sIeoyDLSnE="},"indexInfo":{"baseKey":"Bdp84IMc/V/luax1uMh7rUQWrTe56t6VMZN+KW9C8Fxu","baseKeyType":1,"closed":-1,"used":1721227117037,"created":1721227117037,"remoteIdentityKey":"BU71N1LYArSETuXKsaiAf+uaBXADMZfUdXIVTQUs5h8f"},"_chains":{"BUoH54aPZGqhH2nPEwUgNsPS2hXyBvchBiraNlQvt3Mr":{"chainKey":{"counter":0,"key":"nFaoum39NTOXsbcjMUqYmP1ndKcHlqSao0EMXQe90ys="},"chainType":1,"messageKeys":{}}},"pendingPreKey":{"signedKeyId":8,"baseKey":"Bdp84IMc/V/luax1uMh7rUQWrTe56t6VMZN+KW9C8Fxu"}}},"version":"v1"}