{"_sessions":{"BV9R2Pm53hkEmEyQgnBjifWHA0QvqKLyZyvWA6juqatU":{"registrationId":607745345,"currentRatchet":{"ephemeralKeyPair":{"pubKey":"BYp+SerjHUoRbBcI64UJKgFArjn7uHRQrSxioUv848YT","privKey":"WO6KXTHzdvTUtvZqXIHDHjlwNFQHJHy1k3GKNnNuSVU="},"lastRemoteEphemeralKey":"BVciFvpBlGOMjTjwAxM3YU+9N77OpHbbaa8XWjzqQT8B","previousCounter":0,"rootKey":"8StKjWIdhSgNqu/zLCFRcGoNBuWlRIj4dl7NUerij3Q="},"indexInfo":{"baseKey":"BV9R2Pm53hkEmEyQgnBjifWHA0QvqKLyZyvWA6juqatU","baseKeyType":1,"closed":1721227178658,"used":1721227175832,"created":1721227175832,"remoteIdentityKey":"BR+X6UZQJJ1C4AAHTEeIPr8YXzE19hiL/wA8uiD+mPQr"},"_chains":{"BYp+SerjHUoRbBcI64UJKgFArjn7uHRQrSxioUv848YT":{"chainKey":{"counter":-1,"key":"mCN6dTC3EGXwTUHc8vSXlk1qO6lcmMv7QQHWu9ZaNMQ="},"chainType":1,"messageKeys":{}}},"pendingPreKey":{"signedKeyId":8,"baseKey":"BV9R2Pm53hkEmEyQgnBjifWHA0QvqKLyZyvWA6juqatU","preKeyId":9180039}},"BQC5AY2A4vrHhoQ+rOG/Y8B0KEQpc1HIv37491Brb9gC":{"registrationId":607745345,"currentRatchet":{"ephemeralKeyPair":{"pubKey":"BbUQU5lrxS7XofsyhpHOb9axJX+0kjK/HleQqPGjSt1f","privKey":"0GRQj8OiEn5o5J1sEuBU0WNX86QX8BoBSB/nN3Iq/kg="},"lastRemoteEphemeralKey":"BVciFvpBlGOMjTjwAxM3YU+9N77OpHbbaa8XWjzqQT8B","previousCounter":0,"rootKey":"3NNqPVobHOxqGZe1oxxsi4h86Apx/jsssh2oaX5jCmI="},"indexInfo":{"baseKey":"BQC5AY2A4vrHhoQ+rOG/Y8B0KEQpc1HIv37491Brb9gC","baseKeyType":1,"closed":-1,"used":1721227178656,"created":1721227178656,"remoteIdentityKey":"BR+X6UZQJJ1C4AAHTEeIPr8YXzE19hiL/wA8uiD+mPQr"},"_chains":{"BbUQU5lrxS7XofsyhpHOb9axJX+0kjK/HleQqPGjSt1f":{"chainKey":{"counter":1,"key":"1k5JMwZs/xXQenAy5DBJlShJndp39IGVwo70i4Z6HNY="},"chainType":1,"messageKeys":{}}},"pendingPreKey":{"signedKeyId":8,"baseKey":"BQC5AY2A4vrHhoQ+rOG/Y8B0KEQpc1HIv37491Brb9gC","preKeyId":9180083}}},"version":"v1"}