{"_sessions":{"BRE2OBZBKLPEo/Ak1t15oq/LYqvh6XjCamYBcRpcm8EA":{"registrationId":9670,"currentRatchet":{"ephemeralKeyPair":{"pubKey":"Bfw56tsf92m13gxdcMmJT89/JGQvGbT97f9GBnASF8UR","privKey":"CHPzXBMiL5Nb71d98zHU9B4t8pncO9qXWt2Rjhg6cUE="},"lastRemoteEphemeralKey":"BXYvTo6W9lrzvndzSRLRDLHnUjFeWHGpRv4Dh7olKNh1","previousCounter":0,"rootKey":"JsiDkr0qevfy+NOC8CcwuHzX0LGmZ0654aYSkbffHIw="},"indexInfo":{"baseKey":"BRE2OBZBKLPEo/Ak1t15oq/LYqvh6XjCamYBcRpcm8EA","baseKeyType":1,"closed":-1,"used":1721227116229,"created":1721227116229,"remoteIdentityKey":"BU2RvzPSFzS5qgsUOmxlnKdGim+yuBVQXrT/UkIVoDwe"},"_chains":{"Bfw56tsf92m13gxdcMmJT89/JGQvGbT97f9GBnASF8UR":{"chainKey":{"counter":0,"key":"oDpyRbTM+meKK5R7yLMXz99Q3zd+3t216e0N2CUONPg="},"chainType":1,"messageKeys":{}}},"pendingPreKey":{"signedKeyId":1,"baseKey":"BRE2OBZBKLPEo/Ak1t15oq/LYqvh6XjCamYBcRpcm8EA"}}},"version":"v1"}