{"_sessions":{"BbJZyrV5V2eG2b7j45kLq9XBP/fTMM3ohERwt7AY2P5E":{"registrationId":156167258,"currentRatchet":{"ephemeralKeyPair":{"pubKey":"BWKExThOqHXbbCGywWLNsIFkmzc730QfkiBg7gGDPUEj","privKey":"uOVdPjeSg5Riu8JCAWbPONnzQbW5HPp7Cfb+lxhqhFA="},"lastRemoteEphemeralKey":"BXCxyW0R1hEyljKfzMbx7r2xTrwKjhn6LCui+yQLdh8e","previousCounter":0,"rootKey":"7Ck2WdM6tVGyPl05qxVH6Gov4qpSF//kDmz0My0wZuY="},"indexInfo":{"baseKey":"BbJZyrV5V2eG2b7j45kLq9XBP/fTMM3ohERwt7AY2P5E","baseKeyType":1,"closed":-1,"used":1721227116730,"created":1721227116730,"remoteIdentityKey":"BfAYVH7XjbDUUHqDePea9unSaiIgLTYwq/ju+aeeQ+Fs"},"_chains":{"BWKExThOqHXbbCGywWLNsIFkmzc730QfkiBg7gGDPUEj":{"chainKey":{"counter":0,"key":"xWuIgBUcoHnGzWPwVFjytCY/Fx20toGb8Hevf5xg+lM="},"chainType":1,"messageKeys":{}}},"pendingPreKey":{"signedKeyId":0,"baseKey":"BbJZyrV5V2eG2b7j45kLq9XBP/fTMM3ohERwt7AY2P5E","preKeyId":7716942}}},"version":"v1"}