{"_sessions":{"BU0oqTXNoH1tLfxaWQzgztMtGFcddj2szGRvz/mclXha":{"registrationId":1226984928,"currentRatchet":{"ephemeralKeyPair":{"pubKey":"BXjQgr4W7QQicKB7+f1WF7KqT7tc6qNheE+o4tqDIhIo","privKey":"oI7jAAQ8HE/hI3iC3A1+YO1aBngujXq1bjI23DE7eEY="},"lastRemoteEphemeralKey":"BZELHd6to/YEdsZ3F2YNMiXJcX9ADJ/mRg3xfNsXZkNe","previousCounter":0,"rootKey":"P9G5oCd2u2yCTZ8ac+m2j7oFmmhePlJSG26JnP5txLU="},"indexInfo":{"baseKey":"BU0oqTXNoH1tLfxaWQzgztMtGFcddj2szGRvz/mclXha","baseKeyType":1,"closed":1721227178284,"used":1721227175653,"created":1721227175653,"remoteIdentityKey":"BQXzUZDyWDhOkfulc6HhOcPxdHzuTKTreP8xEWV2x+AA"},"_chains":{"BXjQgr4W7QQicKB7+f1WF7KqT7tc6qNheE+o4tqDIhIo":{"chainKey":{"counter":-1,"key":"QwlvbvoRUC34KxH+7N1bmEhwec1Vst830G7X9oxiP68="},"chainType":1,"messageKeys":{}}},"pendingPreKey":{"signedKeyId":22,"baseKey":"BU0oqTXNoH1tLfxaWQzgztMtGFcddj2szGRvz/mclXha","preKeyId":1828905}},"BXQbJMjWzEzAUdiWiYYCOV31uuPMp8hAmVhx5kI32lAm":{"registrationId":1226984928,"currentRatchet":{"ephemeralKeyPair":{"pubKey":"BWFhChuNatkQzSBcQXbNslWQf6eFTSo78awRc9lgxEMj","privKey":"YImI6t1WN2/HLPOO0j68xaZuc6PuhZDZRzbW/7Bxb1I="},"lastRemoteEphemeralKey":"BZELHd6to/YEdsZ3F2YNMiXJcX9ADJ/mRg3xfNsXZkNe","previousCounter":0,"rootKey":"sUYRYsDu3TQ35rijtPNgWKuSsuPafW7M7Lu25aC3Vzo="},"indexInfo":{"baseKey":"BXQbJMjWzEzAUdiWiYYCOV31uuPMp8hAmVhx5kI32lAm","baseKeyType":1,"closed":-1,"used":1721227178282,"created":1721227178282,"remoteIdentityKey":"BQXzUZDyWDhOkfulc6HhOcPxdHzuTKTreP8xEWV2x+AA"},"_chains":{"BWFhChuNatkQzSBcQXbNslWQf6eFTSo78awRc9lgxEMj":{"chainKey":{"counter":1,"key":"UZW/dNlcUTzO06iY9kI5fhs+bLEC6+CitZuobSbXWcI="},"chainType":1,"messageKeys":{}}},"pendingPreKey":{"signedKeyId":22,"baseKey":"BXQbJMjWzEzAUdiWiYYCOV31uuPMp8hAmVhx5kI32lAm","preKeyId":1828923}}},"version":"v1"}