{"_sessions":{"BSIxSb9B8sbJ5TvUDeh/2IhcQVfSxdVbJdfIl+sOMlZR":{"registrationId":1546049096,"currentRatchet":{"ephemeralKeyPair":{"pubKey":"BSJ1eIG8pz8aaGnhy/pxEBG2Oms1vtRSP5tQaYsFtWJ4","privKey":"mMD7Tpm8ZsNs5R2wNLPz7qmXXASqLSZ3N45FYRpZm10="},"lastRemoteEphemeralKey":"BVQZgLGCMIa9WQn4BcdFSJResCjFOBStYt6+rpgeOM9k","previousCounter":0,"rootKey":"2PNdNhzxozZLjaFZOSy58c2udD1lR7M3nVxuq7p8whU="},"indexInfo":{"baseKey":"BSIxSb9B8sbJ5TvUDeh/2IhcQVfSxdVbJdfIl+sOMlZR","baseKeyType":1,"closed":-1,"used":1721227117055,"created":1721227117055,"remoteIdentityKey":"BeFbjNeGT2Kr4hapSoKuw8m1ID6wKo2sxiD8aaIdCSFY"},"_chains":{"BSJ1eIG8pz8aaGnhy/pxEBG2Oms1vtRSP5tQaYsFtWJ4":{"chainKey":{"counter":0,"key":"3F3Jpzg0i3kexxRWh4SL+JtKPb/zOpgqoRmInF/we7E="},"chainType":1,"messageKeys":{}}},"pendingPreKey":{"signedKeyId":0,"baseKey":"BSIxSb9B8sbJ5TvUDeh/2IhcQVfSxdVbJdfIl+sOMlZR"}}},"version":"v1"}