{"_sessions":{"BbjX7ASGyh5jMCDqCN/6guL8J/7KD1fmW7rEhEThB7xV":{"registrationId":2851,"currentRatchet":{"ephemeralKeyPair":{"pubKey":"BeQiK6zppbFMV+oOStvbo0efQ0X/jfirrO63B8HldyME","privKey":"MD3alN3bsOxbULbOV6Q/5rR0g5sSk4fmcZ9mNFkN/F4="},"lastRemoteEphemeralKey":"BfU30e2/HmSlSATfAFTls6r4qDrssDE5w6g/NNNu9Akf","previousCounter":0,"rootKey":"++RBCE8JD+tD2/g/+5uckhaYRAKRVQi1HzMI15ZpDhk="},"indexInfo":{"baseKey":"BbjX7ASGyh5jMCDqCN/6guL8J/7KD1fmW7rEhEThB7xV","baseKeyType":1,"closed":-1,"used":1721227115632,"created":1721227115632,"remoteIdentityKey":"BSsiXlbcPbCXfrShJBXr4lumFl6o09VpK2i2jaPa18kS"},"_chains":{"BeQiK6zppbFMV+oOStvbo0efQ0X/jfirrO63B8HldyME":{"chainKey":{"counter":0,"key":"sEWmmKzI4MMSeANST4qoP9m/k8BdpUpUNtZG/w7S7ZE="},"chainType":1,"messageKeys":{}}},"pendingPreKey":{"signedKeyId":1,"baseKey":"BbjX7ASGyh5jMCDqCN/6guL8J/7KD1fmW7rEhEThB7xV"}}},"version":"v1"}