{"_sessions":{"Bd+tG1yEmhBmqgR9WcWnQO7Iks4LXOKT7D+nTc2JTrkm":{"registrationId":2088610421,"currentRatchet":{"ephemeralKeyPair":{"pubKey":"BWJSKSxLJen7j/eqjJAuTyJwNabDMjc/TwFy+IbBVidN","privKey":"sKrhqR7O/EGZP7MjwOoUsHrzx1UgTekbwTLkwKAhGW0="},"lastRemoteEphemeralKey":"BQSiMoCWT0qbyKpKXGHUomDPwrKW8iE9ykyIyVcmL+4M","previousCounter":0,"rootKey":"SGg+mP6BKbBv1/1tnLRaCYRZ75gcV31gn1Oo5DTFTwc="},"indexInfo":{"baseKey":"Bd+tG1yEmhBmqgR9WcWnQO7Iks4LXOKT7D+nTc2JTrkm","baseKeyType":1,"closed":1721227179271,"used":1721227176038,"created":1721227176038,"remoteIdentityKey":"Bd/6pV+fXPS8RY5LV/A3dtguk/HZGalA/eeLl10uSBQZ"},"_chains":{"BWJSKSxLJen7j/eqjJAuTyJwNabDMjc/TwFy+IbBVidN":{"chainKey":{"counter":-1,"key":"M47FNz0qeRM3H5tZ42SrfRmMCgBtA6SkyBLVOhpraQY="},"chainType":1,"messageKeys":{}}},"pendingPreKey":{"signedKeyId":0,"baseKey":"Bd+tG1yEmhBmqgR9WcWnQO7Iks4LXOKT7D+nTc2JTrkm","preKeyId":10010610}},"BZfuFL75QsklerI/XFXhYnmLHxVP5VsLIdMf3s7IVPxC":{"registrationId":2088610421,"currentRatchet":{"ephemeralKeyPair":{"pubKey":"BfLc3nOZZp6Rl5b6aZAafgFJrXTh7Ioy+VmrRuQJ2pID","privKey":"YEuUHJ6klP4rD5sqFrQsIr2cFERWxatxcfyU38pswEc="},"lastRemoteEphemeralKey":"BQSiMoCWT0qbyKpKXGHUomDPwrKW8iE9ykyIyVcmL+4M","previousCounter":0,"rootKey":"Krxtn2XRvdznUJ93ePWIkqWho2NyUBTy5HtBDNGLKLY="},"indexInfo":{"baseKey":"BZfuFL75QsklerI/XFXhYnmLHxVP5VsLIdMf3s7IVPxC","baseKeyType":1,"closed":-1,"used":1721227179269,"created":1721227179269,"remoteIdentityKey":"Bd/6pV+fXPS8RY5LV/A3dtguk/HZGalA/eeLl10uSBQZ"},"_chains":{"BfLc3nOZZp6Rl5b6aZAafgFJrXTh7Ioy+VmrRuQJ2pID":{"chainKey":{"counter":1,"key":"TtqQ7zsN/bwaShlk0Of0nIqB0EbTuJv7TvfNUPphs7A="},"chainType":1,"messageKeys":{}}},"pendingPreKey":{"signedKeyId":0,"baseKey":"BZfuFL75QsklerI/XFXhYnmLHxVP5VsLIdMf3s7IVPxC","preKeyId":10009845}}},"version":"v1"}