{"_sessions":{"BeVtsZbWe9d8P/9aXH3IYt5TA0xrAVflX8B3gykLwHFa":{"registrationId":14098,"currentRatchet":{"ephemeralKeyPair":{"pubKey":"BQL/qbQgs0dRmx58N3odb+Zi/JBqOylsGxwF3rDYS20t","privKey":"2D5vvwWkRw9AZGdWWALwfNGF94/TiDo1OC3n5A6et1k="},"lastRemoteEphemeralKey":"BRC8dr1kt+l4740Xzc3HWSKnR4eXj0rw+63/EGl050Np","previousCounter":0,"rootKey":"JCdSxHNmIjd5dsFwJM6kUCyDe0XthjrRiVcTyFahI4k="},"indexInfo":{"baseKey":"BeVtsZbWe9d8P/9aXH3IYt5TA0xrAVflX8B3gykLwHFa","baseKeyType":1,"closed":-1,"used":1721227115910,"created":1721227115910,"remoteIdentityKey":"BQL8Q9+Toayvkx1EFdsaPLZgN0vQ2DP18gwVuHFCEmw8"},"_chains":{"BQL/qbQgs0dRmx58N3odb+Zi/JBqOylsGxwF3rDYS20t":{"chainKey":{"counter":0,"key":"Uy2FCLbPRQx470KIXeMSsHaZ8gSVQMzYfqp5OMqz5LE="},"chainType":1,"messageKeys":{}}},"pendingPreKey":{"signedKeyId":1,"baseKey":"BeVtsZbWe9d8P/9aXH3IYt5TA0xrAVflX8B3gykLwHFa"}}},"version":"v1"}