{"_sessions":{"BQK6iZiWf47WS6xfXyWjH3NyFRmPSAqqcJCzRKOX88JW":{"registrationId":25616922,"currentRatchet":{"ephemeralKeyPair":{"pubKey":"BQHPUiVmlMB3FUhCT6b3boGhHfxjsXjRIUZ9fh6Rblxm","privKey":"uOO/8h1v4RNmz2XRr5k03JrUXBr2GxWjqqvR/HzQDkg="},"lastRemoteEphemeralKey":"BQEP+WctH4cnEsg2SWTBzhtitFoaFrmYNACSsJ9yPfBZ","previousCounter":1,"rootKey":"dJuJCLwvwVWfTvSlQeahgwHxMp8om06Jygqf/TNxILM="},"indexInfo":{"baseKey":"BQK6iZiWf47WS6xfXyWjH3NyFRmPSAqqcJCzRKOX88JW","baseKeyType":2,"closed":1721226574433,"used":1721226781717,"created":1721219486283,"remoteIdentityKey":"BaWySaelSVjGLw1hgSAZW7tj0ZstEoyqLdDGKaLpHl09"},"_chains":{"BZV2LEJLwGN4RBae0AedIS14sU8GS+MrOAacPbiBUcJi":{"chainKey":{"counter":0},"chainType":2,"messageKeys":{}},"BUbALSdsUVCJYmmsxubFt8dsQTwynkR5JOCYRSfpZ4Nc":{"chainKey":{"counter":2},"chainType":2,"messageKeys":{}},"BeLW066RQC4u1X9qb+Xa95iuHBiOVyk8tvwE5v7FcqV1":{"chainKey":{"counter":0},"chainType":2,"messageKeys":{}},"BRFLrEtfejMZsLwvRoULPo9dGLs3nCwrE18c79l/3pIq":{"chainKey":{"counter":1},"chainType":2,"messageKeys":{}},"BYFwbhbZi3BxH/KWslw28JUd6W+fcyx4IqJqYL3FaVwC":{"chainKey":{"counter":0},"chainType":2,"messageKeys":{}},"BZ8O+TT74Qhi42yG8dLMyyaVtuDndfxN7FXARjZPa7pe":{"chainKey":{"counter":0},"chainType":2,"messageKeys":{}},"BQF7YWkJ2ja/0x1oqamywJ7tHDufwkPh/7c53VK3r4wi":{"chainKey":{"counter":0},"chainType":2,"messageKeys":{}},"BS7R/adYhmdX89Q+QtAwf060irQU81dQ2k1SuCXkhltq":{"chainKey":{"counter":0},"chainType":2,"messageKeys":{}},"BcS1uwoaKsz3sPxmhZ1ZESFbWKz6g1vM2jp23tMJWM9p":{"chainKey":{"counter":0},"chainType":2,"messageKeys":{}},"Bew2mn43X9y+Q14UItZ2nvk1/o3u79zqwk2v0EN6pYoC":{"chainKey":{"counter":0},"chainType":2,"messageKeys":{}},"BesY9sjnJwnLhCM0YE/jvVtZAkVxpgN0P8uV5y+x6qE5":{"chainKey":{"counter":0},"chainType":2,"messageKeys":{}},"BXtCMwbkISBuCvom+honXIKmWNl8SPhZon949QyvsQVs":{"chainKey":{"counter":0},"chainType":2,"messageKeys":{}},"BeaPnTS1fqjnlHxNXYO/hGEaJQdUxzLPZ4b0lAncjTpm":{"chainKey":{"counter":0},"chainType":2,"messageKeys":{}},"BacDqcu66FvZmcQ24bG/aVJ4i0s7kWe49+rNi61i3L4M":{"chainKey":{"counter":0},"chainType":2,"messageKeys":{}},"BRMHV7622+D9IsFxmmuwCsubWX+UXoI9P2UZj8w9+2ox":{"chainKey":{"counter":0},"chainType":2,"messageKeys":{}},"Bdh/DCQ/FEBPM7olph07SGfxPlpldbJDmWsc3lUyr8Jk":{"chainKey":{"counter":0},"chainType":2,"messageKeys":{}},"BQEP+WctH4cnEsg2SWTBzhtitFoaFrmYNACSsJ9yPfBZ":{"chainKey":{"counter":4,"key":"Mw2MWLfDFClgJtX1ZGcOTiBXv/oeW+sFuKQDbXISjU8="},"chainType":2,"messageKeys":{}},"BQHPUiVmlMB3FUhCT6b3boGhHfxjsXjRIUZ9fh6Rblxm":{"chainKey":{"counter":-1,"key":"nx2480lwjbUTYso/l2vZDqQKYs6AK2Gs08DiVcU1nnY="},"chainType":1,"messageKeys":{}}}},"BUikzSqhdUVAk862UNApNX8J1K8EStxVyTrlpHSthZIR":{"registrationId":25616922,"currentRatchet":{"ephemeralKeyPair":{"pubKey":"Bf28WO0yBQXC5fEw1eNN/qgWYyzWCAV0u9+c64x/BFE5","privKey":"iG9+uFzEcK029pgAa+sNyqPqwAyAQ1H5XNc1K7N8eVE="},"lastRemoteEphemeralKey":"BQEP+WctH4cnEsg2SWTBzhtitFoaFrmYNACSsJ9yPfBZ","previousCounter":0,"rootKey":"gmbVMxuBljXn14vVA6plGa5/9OMstQvGBoJItOivpnM="},"indexInfo":{"baseKey":"BUikzSqhdUVAk862UNApNX8J1K8EStxVyTrlpHSthZIR","baseKeyType":1,"closed":1721226589352,"used":1721226574431,"created":1721226574431,"remoteIdentityKey":"BaWySaelSVjGLw1hgSAZW7tj0ZstEoyqLdDGKaLpHl09"},"_chains":{"BQEP+WctH4cnEsg2SWTBzhtitFoaFrmYNACSsJ9yPfBZ":{"chainKey":{"counter":0,"key":"rgRDCqB9XjskRi6h1ex/i7DoujL83uw24+v0ZXTLIu8="},"chainType":2,"messageKeys":{}},"Bf28WO0yBQXC5fEw1eNN/qgWYyzWCAV0u9+c64x/BFE5":{"chainKey":{"counter":-1,"key":"fL+WuI32+K8NxvX46d0imGeU1URrwywUU7yW1T84798="},"chainType":1,"messageKeys":{}}},"pendingPreKey":{"signedKeyId":1,"baseKey":"BUikzSqhdUVAk862UNApNX8J1K8EStxVyTrlpHSthZIR","preKeyId":10467219}},"BZORw5TGKGNoRDbhpHSeh30gSe4FUdSc+NUWUBcHg9s8":{"registrationId":25616922,"currentRatchet":{"ephemeralKeyPair":{"pubKey":"BYz7xMRulJdbRsONGmuulOkA4A91qiOyBmyXH1UnoppS","privKey":"OG7JgZ0ERZi0o7DNn+tLU1i25KVNvsGrvS3TqNh9mkE="},"lastRemoteEphemeralKey":"BQEP+WctH4cnEsg2SWTBzhtitFoaFrmYNACSsJ9yPfBZ","previousCounter":0,"rootKey":"K4lTWaAS8VKN4vUYlFe8Rhtyxm0M/Ae/u7XSzeXkr7g="},"indexInfo":{"baseKey":"BZORw5TGKGNoRDbhpHSeh30gSe4FUdSc+NUWUBcHg9s8","baseKeyType":1,"closed":1721226591347,"used":1721226589350,"created":1721226589350,"remoteIdentityKey":"BaWySaelSVjGLw1hgSAZW7tj0ZstEoyqLdDGKaLpHl09"},"_chains":{"BQEP+WctH4cnEsg2SWTBzhtitFoaFrmYNACSsJ9yPfBZ":{"chainKey":{"counter":0,"key":"Cny+PXFA4gvKppIR35S9ctA4XPcvwTVIsEsXoJ6Reps="},"chainType":2,"messageKeys":{}},"BYz7xMRulJdbRsONGmuulOkA4A91qiOyBmyXH1UnoppS":{"chainKey":{"counter":-1,"key":"L/14L0fPNPNp/HpNyn0/5h9EZKSsIGBycppHb6KFf4E="},"chainType":1,"messageKeys":{}}},"pendingPreKey":{"signedKeyId":1,"baseKey":"BZORw5TGKGNoRDbhpHSeh30gSe4FUdSc+NUWUBcHg9s8","preKeyId":10467879}},"BV65io7BNjH1KAtKxDDXCA6TbYdG9nPwKgFjzpViJ2dO":{"registrationId":25616922,"currentRatchet":{"ephemeralKeyPair":{"pubKey":"BdSkmmMzhabL+PMXoQYs1fwUPd7Nr4NPcB6nE3TlbS9f","privKey":"iMiJ1vSPIe5kntQOyEWYFxcDgRHJK3hSRU8XJLrTUGI="},"lastRemoteEphemeralKey":"BQEP+WctH4cnEsg2SWTBzhtitFoaFrmYNACSsJ9yPfBZ","previousCounter":0,"rootKey":"Frp+iaUMlOb/kshKZRcHU5mh0IKqNkZoSrisS0EmEN8="},"indexInfo":{"baseKey":"BV65io7BNjH1KAtKxDDXCA6TbYdG9nPwKgFjzpViJ2dO","baseKeyType":1,"closed":1721226598766,"used":1721226591340,"created":1721226591340,"remoteIdentityKey":"BaWySaelSVjGLw1hgSAZW7tj0ZstEoyqLdDGKaLpHl09"},"_chains":{"BQEP+WctH4cnEsg2SWTBzhtitFoaFrmYNACSsJ9yPfBZ":{"chainKey":{"counter":0,"key":"jRnlF6zlspjcOsRuusuwD7L2d9a99gc4KitNeyLjB9o="},"chainType":2,"messageKeys":{}},"BdSkmmMzhabL+PMXoQYs1fwUPd7Nr4NPcB6nE3TlbS9f":{"chainKey":{"counter":-1,"key":"ptRaZQnA082iLE+xdrJ27IN1gsCrsoSl7p5o3Ykjy+E="},"chainType":1,"messageKeys":{}}},"pendingPreKey":{"signedKeyId":1,"baseKey":"BV65io7BNjH1KAtKxDDXCA6TbYdG9nPwKgFjzpViJ2dO","preKeyId":10467217}},"BXNdPm1DFHHhA5+44mSntMxc3XUZRASDe/ay6Nat/n53":{"registrationId":25616922,"currentRatchet":{"ephemeralKeyPair":{"pubKey":"BUoGILSMY3o3lYHggh+zYMRqpLiZTQyvOeM2B3V3tdYa","privKey":"yEuE22Oe/sYtH2isrnm6nAV9AkbxFdcFLtr+dzUQRG0="},"lastRemoteEphemeralKey":"BQEP+WctH4cnEsg2SWTBzhtitFoaFrmYNACSsJ9yPfBZ","previousCounter":0,"rootKey":"agDA7+Y2hO5GvxRJ5yC8Dt/6QCYt++7ZPfKFkuTe+GI="},"indexInfo":{"baseKey":"BXNdPm1DFHHhA5+44mSntMxc3XUZRASDe/ay6Nat/n53","baseKeyType":1,"closed":1721226600824,"used":1721226598764,"created":1721226598764,"remoteIdentityKey":"BaWySaelSVjGLw1hgSAZW7tj0ZstEoyqLdDGKaLpHl09"},"_chains":{"BQEP+WctH4cnEsg2SWTBzhtitFoaFrmYNACSsJ9yPfBZ":{"chainKey":{"counter":0,"key":"ZUmiGlLkDzIzqSBfaUo76ZphKQSGmazLsYPEraSO7MY="},"chainType":2,"messageKeys":{}},"BUoGILSMY3o3lYHggh+zYMRqpLiZTQyvOeM2B3V3tdYa":{"chainKey":{"counter":-1,"key":"9zGxvB/zKrS14mwCPghda4x9gmcrjj6+f8+Dy1BWtb4="},"chainType":1,"messageKeys":{}}},"pendingPreKey":{"signedKeyId":1,"baseKey":"BXNdPm1DFHHhA5+44mSntMxc3XUZRASDe/ay6Nat/n53","preKeyId":10467242}},"BVbxviySgA8eFpF2F//pk2nhVUk085EokamgYrOXhepw":{"registrationId":25616922,"currentRatchet":{"ephemeralKeyPair":{"pubKey":"Bb9bRCJHAKoTrycn0Wi7WqJGwuCUADehR9SZ+lEzqo9A","privKey":"2K47VQcvWvMzTlqGyGVRe8454Rcso2SU9OtvJ2L9I1c="},"lastRemoteEphemeralKey":"BQEP+WctH4cnEsg2SWTBzhtitFoaFrmYNACSsJ9yPfBZ","previousCounter":0,"rootKey":"EyuwhSkhajOiYe9x7X/+jmhloM9W3c6G7FMBW8Qmymk="},"indexInfo":{"baseKey":"BVbxviySgA8eFpF2F//pk2nhVUk085EokamgYrOXhepw","baseKeyType":1,"closed":1721226602832,"used":1721226600822,"created":1721226600822,"remoteIdentityKey":"BaWySaelSVjGLw1hgSAZW7tj0ZstEoyqLdDGKaLpHl09"},"_chains":{"BQEP+WctH4cnEsg2SWTBzhtitFoaFrmYNACSsJ9yPfBZ":{"chainKey":{"counter":0,"key":"RIvOCgNDWYTdJTwr/u1uuqxCydbn5SQiOVC+iDPiswE="},"chainType":2,"messageKeys":{}},"Bb9bRCJHAKoTrycn0Wi7WqJGwuCUADehR9SZ+lEzqo9A":{"chainKey":{"counter":-1,"key":"TAgnezHkX4BH6SGnbhbbTl39IzQYC79La9Ya0FpXSs8="},"chainType":1,"messageKeys":{}}},"pendingPreKey":{"signedKeyId":1,"baseKey":"BVbxviySgA8eFpF2F//pk2nhVUk085EokamgYrOXhepw","preKeyId":10467215}},"BWBivjDDo3QwQhm9DIzqecnvPnGAZLNMQXmHat8DK5cy":{"registrationId":25616922,"currentRatchet":{"ephemeralKeyPair":{"pubKey":"Be7RBp8c5isjsooyRFrC0KI7MbVNGzLoIIh/0yAFNoQm","privKey":"cGH6NYdwgOX41XT+SYiOpGagRbOnz7VOxfW2UGqfKn8="},"lastRemoteEphemeralKey":"BQEP+WctH4cnEsg2SWTBzhtitFoaFrmYNACSsJ9yPfBZ","previousCounter":0,"rootKey":"Jg1Oco1aCGxkKr3IKwNMvoRoLpdTjm99VO4sY9n9Sik="},"indexInfo":{"baseKey":"BWBivjDDo3QwQhm9DIzqecnvPnGAZLNMQXmHat8DK5cy","baseKeyType":1,"closed":1721226661086,"used":1721226602827,"created":1721226602827,"remoteIdentityKey":"BaWySaelSVjGLw1hgSAZW7tj0ZstEoyqLdDGKaLpHl09"},"_chains":{"BQEP+WctH4cnEsg2SWTBzhtitFoaFrmYNACSsJ9yPfBZ":{"chainKey":{"counter":0,"key":"4WJ8FT1f8oPYEiHQCMiLGp+SFUb8jNmNAWVaESmiCAI="},"chainType":2,"messageKeys":{}},"Be7RBp8c5isjsooyRFrC0KI7MbVNGzLoIIh/0yAFNoQm":{"chainKey":{"counter":-1,"key":"/yxB4R0NMsT1u8HDV88nsXBWZyFmmUynqkDx7SmV8/c="},"chainType":1,"messageKeys":{}}},"pendingPreKey":{"signedKeyId":1,"baseKey":"BWBivjDDo3QwQhm9DIzqecnvPnGAZLNMQXmHat8DK5cy","preKeyId":10467204}},"BQs2HDS2oGsbJrlKMsqRAHSylceqbYJSqrFJ7gnZsLJw":{"registrationId":25616922,"currentRatchet":{"ephemeralKeyPair":{"pubKey":"BVTDkGJLRF4PWfD7sVe01HfbYqNUeeP5NOffNyRfAut/","privKey":"gGrlUUuXKidB5qTzhjOIk2MKRtgGBlS2gYYn/nMOMUE="},"lastRemoteEphemeralKey":"BQEP+WctH4cnEsg2SWTBzhtitFoaFrmYNACSsJ9yPfBZ","previousCounter":0,"rootKey":"Js3FTzApEqJmcvnmheBaXgy+ND4qs1QEstWtuFsq5s8="},"indexInfo":{"baseKey":"BQs2HDS2oGsbJrlKMsqRAHSylceqbYJSqrFJ7gnZsLJw","baseKeyType":1,"closed":1721226667491,"used":1721226661085,"created":1721226661085,"remoteIdentityKey":"BaWySaelSVjGLw1hgSAZW7tj0ZstEoyqLdDGKaLpHl09"},"_chains":{"BQEP+WctH4cnEsg2SWTBzhtitFoaFrmYNACSsJ9yPfBZ":{"chainKey":{"counter":0,"key":"/fNXT/kgV18GEuxCCWGtiifWa+5eoBB+1wjXdDw2izI="},"chainType":2,"messageKeys":{}},"BVTDkGJLRF4PWfD7sVe01HfbYqNUeeP5NOffNyRfAut/":{"chainKey":{"counter":-1,"key":"yn0Y3Prf5VCOG2dK4g+WJ7iR1mzqE6c8Qak1+FOpekg="},"chainType":1,"messageKeys":{}}},"pendingPreKey":{"signedKeyId":1,"baseKey":"BQs2HDS2oGsbJrlKMsqRAHSylceqbYJSqrFJ7gnZsLJw","preKeyId":10467301}},"BfSyFnNjvyIm5MZL4d8Fg3DU6vTz9sGXfy8t67ESP9Bd":{"registrationId":25616922,"currentRatchet":{"ephemeralKeyPair":{"pubKey":"BVbuaiRYFvObOA3i1RL5zpmNbAjxjrZ3QoeRmXmgNrFw","privKey":"cFoqBW8m8A2A3IGMLpKkr63OCGhqEIC59NBVA0NU6lw="},"lastRemoteEphemeralKey":"BQEP+WctH4cnEsg2SWTBzhtitFoaFrmYNACSsJ9yPfBZ","previousCounter":0,"rootKey":"KL+hwVy4LOsU8ssnv5xM+xSlqgf+V0i42SinqaL6NuE="},"indexInfo":{"baseKey":"BfSyFnNjvyIm5MZL4d8Fg3DU6vTz9sGXfy8t67ESP9Bd","baseKeyType":1,"closed":1721226669498,"used":1721226667489,"created":1721226667489,"remoteIdentityKey":"BaWySaelSVjGLw1hgSAZW7tj0ZstEoyqLdDGKaLpHl09"},"_chains":{"BQEP+WctH4cnEsg2SWTBzhtitFoaFrmYNACSsJ9yPfBZ":{"chainKey":{"counter":0,"key":"A40TtNmbmiooWXRPP+Wl904y3suUgoeEeIpQikrhgI8="},"chainType":2,"messageKeys":{}},"BVbuaiRYFvObOA3i1RL5zpmNbAjxjrZ3QoeRmXmgNrFw":{"chainKey":{"counter":-1,"key":"Hg9A/EnqPaURsfISd7ZbLSkLjx3gzyHYNsWhNme4CfE="},"chainType":1,"messageKeys":{}}},"pendingPreKey":{"signedKeyId":1,"baseKey":"BfSyFnNjvyIm5MZL4d8Fg3DU6vTz9sGXfy8t67ESP9Bd","preKeyId":10467883}},"BfdX2+Ox7BvV/RYgSnjCsr9qmAOuEdlO2qMdj34OcGE3":{"registrationId":25616922,"currentRatchet":{"ephemeralKeyPair":{"pubKey":"BSP4mkl1oOogOrauQGhMHixBImSV+u2JxzZC9Y0epWF0","privKey":"0MX/VencaDqBWSNsOLw7Lxi2foOSC4e+yyix/X4rM14="},"lastRemoteEphemeralKey":"BQEP+WctH4cnEsg2SWTBzhtitFoaFrmYNACSsJ9yPfBZ","previousCounter":0,"rootKey":"JEFdd5tWutHpxP7QP5mmBytFrCsnrtzR4SYeHK7FvFY="},"indexInfo":{"baseKey":"BfdX2+Ox7BvV/RYgSnjCsr9qmAOuEdlO2qMdj34OcGE3","baseKeyType":1,"closed":1721226723425,"used":1721226669496,"created":1721226669496,"remoteIdentityKey":"BaWySaelSVjGLw1hgSAZW7tj0ZstEoyqLdDGKaLpHl09"},"_chains":{"BQEP+WctH4cnEsg2SWTBzhtitFoaFrmYNACSsJ9yPfBZ":{"chainKey":{"counter":0,"key":"49GcgZ2OXy7xPp2FccoP1/RpgdGt7/q7wUmgZLl7VeE="},"chainType":2,"messageKeys":{}},"BSP4mkl1oOogOrauQGhMHixBImSV+u2JxzZC9Y0epWF0":{"chainKey":{"counter":-1,"key":"hIcen9SN+RzTEkQnPCcIegu8395o4DKr2rFDHf/bN+8="},"chainType":1,"messageKeys":{}}},"pendingPreKey":{"signedKeyId":1,"baseKey":"BfdX2+Ox7BvV/RYgSnjCsr9qmAOuEdlO2qMdj34OcGE3","preKeyId":10467200}},"Bfo5QBtC5jhtmT/7QoHtt62Xg7emXW0PXc1TS6A0IrY6":{"registrationId":25616922,"currentRatchet":{"ephemeralKeyPair":{"pubKey":"BdDkrlVb2Jq4+beGgKkCuMP0W77L7i2UqbZBZoSJtQwo","privKey":"wBecXnYc41QqTYjHAJF9nN7J3rzmCr+W16iC1fy9nUs="},"lastRemoteEphemeralKey":"BQEP+WctH4cnEsg2SWTBzhtitFoaFrmYNACSsJ9yPfBZ","previousCounter":0,"rootKey":"k0j+o41Oa3AP39jHCTt3RlL6eRWkCDbM/7tSWdFp0Lc="},"indexInfo":{"baseKey":"Bfo5QBtC5jhtmT/7QoHtt62Xg7emXW0PXc1TS6A0IrY6","baseKeyType":1,"closed":1721226742609,"used":1721226723423,"created":1721226723423,"remoteIdentityKey":"BaWySaelSVjGLw1hgSAZW7tj0ZstEoyqLdDGKaLpHl09"},"_chains":{"BQEP+WctH4cnEsg2SWTBzhtitFoaFrmYNACSsJ9yPfBZ":{"chainKey":{"counter":0,"key":"UrIyjo2S8qeHxU6OVje5QRxgIkIk1xIOJxcXgV+BPmk="},"chainType":2,"messageKeys":{}},"BdDkrlVb2Jq4+beGgKkCuMP0W77L7i2UqbZBZoSJtQwo":{"chainKey":{"counter":1,"key":"m4+LaJ27doLPe9vZJqtb8nUDo+z8k03y5uoXySDHhok="},"chainType":1,"messageKeys":{}}},"pendingPreKey":{"signedKeyId":1,"baseKey":"Bfo5QBtC5jhtmT/7QoHtt62Xg7emXW0PXc1TS6A0IrY6","preKeyId":10467287}},"Bfn5AP8VML8LOAiodxfBh7kLBfh/Uj+eMZLSR08+BNxh":{"registrationId":25616922,"currentRatchet":{"ephemeralKeyPair":{"pubKey":"BYtCuKrTWXxwTFHZXO6pQtIRZ3wlXQ9Sl68Ikozb3x1i","privKey":"oCfHZf8/al4DzlxjZnMvHONAcrKD8O3PeZBORBJ+ZGc="},"lastRemoteEphemeralKey":"BQEP+WctH4cnEsg2SWTBzhtitFoaFrmYNACSsJ9yPfBZ","previousCounter":0,"rootKey":"e82KA4ySjccE/tiSlYLcbDT525qMizDJYG1bXllSsL8="},"indexInfo":{"baseKey":"Bfn5AP8VML8LOAiodxfBh7kLBfh/Uj+eMZLSR08+BNxh","baseKeyType":1,"closed":1721226777413,"used":1721226742607,"created":1721226742607,"remoteIdentityKey":"BaWySaelSVjGLw1hgSAZW7tj0ZstEoyqLdDGKaLpHl09"},"_chains":{"BQEP+WctH4cnEsg2SWTBzhtitFoaFrmYNACSsJ9yPfBZ":{"chainKey":{"counter":2,"key":"ZMCxw495iWMgxphAoGZ1TPbpPpLw/ZXXEzcir2zUIok="},"chainType":2,"messageKeys":{"0":"pqTMfuH51ZJxxyiBYZynODT87/M33oadsGZBtj/vZ0M=","1":"QC311bjg8c9MzWB1DFV2FOQKRT9NIHl+gd8D83RWiQ8="}},"BYtCuKrTWXxwTFHZXO6pQtIRZ3wlXQ9Sl68Ikozb3x1i":{"chainKey":{"counter":0,"key":"tCQEDvTE7riGVm1mi4cXPUUnncHx5QRVYal1fCWthqw="},"chainType":1,"messageKeys":{}}},"pendingPreKey":{"signedKeyId":1,"baseKey":"Bfn5AP8VML8LOAiodxfBh7kLBfh/Uj+eMZLSR08+BNxh","preKeyId":10467974}},"BQKVRP76oEsrOyCzUZDVWzWBnCfS/ZtgWERK3ihdBrIV":{"registrationId":25616922,"currentRatchet":{"ephemeralKeyPair":{"pubKey":"BXhql7YB8JVNaXrXNFY5XLX03QmcgqZUGiQqcZHG7ERD","privKey":"uMI1t/gB1xMSKJb2s3DZgNu2v+lprmAl1x6Yydveg2k="},"lastRemoteEphemeralKey":"BQEP+WctH4cnEsg2SWTBzhtitFoaFrmYNACSsJ9yPfBZ","previousCounter":0,"rootKey":"X1EKm0AyH5ZnDufTaPRfImR7oFSrd1TElNX9Tn0v2lo="},"indexInfo":{"baseKey":"BQKVRP76oEsrOyCzUZDVWzWBnCfS/ZtgWERK3ihdBrIV","baseKeyType":1,"closed":1721226782837,"used":1721226777411,"created":1721226777411,"remoteIdentityKey":"BaWySaelSVjGLw1hgSAZW7tj0ZstEoyqLdDGKaLpHl09"},"_chains":{"BQEP+WctH4cnEsg2SWTBzhtitFoaFrmYNACSsJ9yPfBZ":{"chainKey":{"counter":3,"key":"br1Jqvtu3fbRd/eSvBAaiSZfOtF7dkOA8bqROERbY8w="},"chainType":2,"messageKeys":{"0":"TrtoMM60WUFf37IGyV97ANMJyCI6jrj18Wk5ah2aG84=","1":"48SwXHY6R0JMbH9oEDcp1UhgL3q2yrKWMFT3+hubMQ8=","2":"64FEu+FAAjRD9jKRJiCYN6j14AXtgn5sK7wzoMsaE2M="}},"BXhql7YB8JVNaXrXNFY5XLX03QmcgqZUGiQqcZHG7ERD":{"chainKey":{"counter":0,"key":"DFMf01XyToAzhgTb30MebhQq2ZEIJOWpPV4obGZUehw="},"chainType":1,"messageKeys":{}}},"pendingPreKey":{"signedKeyId":1,"baseKey":"BQKVRP76oEsrOyCzUZDVWzWBnCfS/ZtgWERK3ihdBrIV","preKeyId":10467919}},"Be+c2YVRvmEmhbAmm/hvHeaQk95g2N5yTWq2xIh0kIgw":{"registrationId":25616922,"currentRatchet":{"ephemeralKeyPair":{"pubKey":"BVxPm1qUDWQ0Hd3+szabQGzoVmCYySCVJqwou4hZRwkV","privKey":"yIYB07vwk2oe6xCpkatBHeXkNrYaoKZn+760P97THlY="},"lastRemoteEphemeralKey":"BdrsuHQH5NMbbDV0wXTriilL9VRTG13O2t8OCzkpiYUW","previousCounter":1,"rootKey":"5HqO09FT7nqRqjNdddO2yyuoFlLy56gYeVxK1JisuJs="},"indexInfo":{"baseKey":"Be+c2YVRvmEmhbAmm/hvHeaQk95g2N5yTWq2xIh0kIgw","baseKeyType":1,"closed":-1,"used":1721227990395,"created":1721226782822,"remoteIdentityKey":"BaWySaelSVjGLw1hgSAZW7tj0ZstEoyqLdDGKaLpHl09"},"_chains":{"BRkSepMACoehA7gEuq5uRw1ag3DOxLpZ3oLSXFWRarYK":{"chainKey":{"counter":0},"chainType":2,"messageKeys":{}},"BWcoPDH0ChkBTvKxsAt6yGfRCG21OkfbnLOPcw3hOQhs":{"chainKey":{"counter":0},"chainType":2,"messageKeys":{}},"BaO4p5VFYGHWQTN2knXehljKtNYJlP4c+EJWvmlFPNk3":{"chainKey":{"counter":1},"chainType":2,"messageKeys":{}},"BT1xdAujO5hFbkm/M45bInNWT7wo31Ng7PNmVx1A1oZC":{"chainKey":{"counter":1},"chainType":2,"messageKeys":{}},"BRX2OMVXoiVvb3cPI86KNyb8z/qUAzxgWn6TLmO1aEdV":{"chainKey":{"counter":1},"chainType":2,"messageKeys":{}},"BdEP0ETunjVHu3iBd9EdCm8pxjSMsGAAPbfcUrKdpa4a":{"chainKey":{"counter":0},"chainType":2,"messageKeys":{}},"BdrsuHQH5NMbbDV0wXTriilL9VRTG13O2t8OCzkpiYUW":{"chainKey":{"counter":0,"key":"NcRT10ZYPPrWkBxt/vupgwmOr1GAIMn593eoSZqYTN0="},"chainType":2,"messageKeys":{}},"BVxPm1qUDWQ0Hd3+szabQGzoVmCYySCVJqwou4hZRwkV":{"chainKey":{"counter":1,"key":"GN0zVcTKEdl9YnD8GK++/3XYxaixdTd0E5wxcAPbuME="},"chainType":1,"messageKeys":{}}}}},"version":"v1"}