{"_sessions":{"BbxZrNUWyfvYyXaoD1TftV5jjxIAUhvwMpgebx95j9UP":{"registrationId":2117448051,"currentRatchet":{"ephemeralKeyPair":{"pubKey":"BWFf6P3MgEZn45+NgoxfDwRO7/QPlAsoMLZ0jXHwboFL","privKey":"gIPaxr/epKposLmX5KtSxMxG5X9lUsDkDTFMNF++XXI="},"lastRemoteEphemeralKey":"BauxUfYU7lBrvfPIiXwMB8wn0QSSe/Jsf0Q7Uln9QRw0","previousCounter":0,"rootKey":"Hl2ihTm+b4BKRrzjDYGK73wxg3QtXEMrgecoTj34DN8="},"indexInfo":{"baseKey":"BbxZrNUWyfvYyXaoD1TftV5jjxIAUhvwMpgebx95j9UP","baseKeyType":1,"closed":-1,"used":1721227117263,"created":1721227117263,"remoteIdentityKey":"BW+qgL+NkwFw9/0FWuTehiO99ozKrLnptmAwLsUCaosv"},"_chains":{"BWFf6P3MgEZn45+NgoxfDwRO7/QPlAsoMLZ0jXHwboFL":{"chainKey":{"counter":0,"key":"Ai3rTKOUE8sVpXdXtFiBnRtMBd81Dzgw5Mbqc7PJYxI="},"chainType":1,"messageKeys":{}}},"pendingPreKey":{"signedKeyId":0,"baseKey":"BbxZrNUWyfvYyXaoD1TftV5jjxIAUhvwMpgebx95j9UP","preKeyId":9826473}}},"version":"v1"}