{"_sessions":{"Bedub6n3prLFQdaiyf909rLHIKmm41WO+WgEzYxy6jwW":{"registrationId":58,"currentRatchet":{"ephemeralKeyPair":{"pubKey":"Bbm9uVkTBlU/68QSvfvsg7Gg9rHH5pQt8ebV9n7Kig4Y","privKey":"kFTLy/TV7kLZ7vMS2pz6+LAJek/+etFIoIwh32hhK2w="},"lastRemoteEphemeralKey":"BQ+Y/3SWT5SbyWjnc22TqbgQDqaVFH/DlLAJ0mcIIgoA","previousCounter":0,"rootKey":"Svsj5f8EZpoUOcsdXVsCErecL63+wgWW1FtVnhm9dQY="},"indexInfo":{"baseKey":"Bedub6n3prLFQdaiyf909rLHIKmm41WO+WgEzYxy6jwW","baseKeyType":1,"closed":1721227177328,"used":1721227175350,"created":1721227175350,"remoteIdentityKey":"BX/TirGOHtbPJFmuhnwBHWVG5bvOd33br8FpMRg5YNlr"},"_chains":{"Bbm9uVkTBlU/68QSvfvsg7Gg9rHH5pQt8ebV9n7Kig4Y":{"chainKey":{"counter":-1,"key":"KXwpTzvIf4/mMhzPcL25xzPcvR8Gf4tt62YO4zhHhLc="},"chainType":1,"messageKeys":{}}},"pendingPreKey":{"signedKeyId":1,"baseKey":"Bedub6n3prLFQdaiyf909rLHIKmm41WO+WgEzYxy6jwW"}},"BR/+7Cf4bPr1scwJKZUhNsBaj5V1vruE0wYIHZcQywRu":{"registrationId":58,"currentRatchet":{"ephemeralKeyPair":{"pubKey":"BQPRemkfVtMFUPRNOjjb5FTnKHFWOEUKdkwz6Dvdc750","privKey":"8MzsNREJjo8Ekr3dK48Er+OEO5mLLpaEJ2CCsLFdfko="},"lastRemoteEphemeralKey":"BQ+Y/3SWT5SbyWjnc22TqbgQDqaVFH/DlLAJ0mcIIgoA","previousCounter":0,"rootKey":"7/3rcqSyS/ApFDWcoeM1znYyqSEpZQqCtctRynRRQh0="},"indexInfo":{"baseKey":"BR/+7Cf4bPr1scwJKZUhNsBaj5V1vruE0wYIHZcQywRu","baseKeyType":1,"closed":-1,"used":1721227177320,"created":1721227177320,"remoteIdentityKey":"BX/TirGOHtbPJFmuhnwBHWVG5bvOd33br8FpMRg5YNlr"},"_chains":{"BQPRemkfVtMFUPRNOjjb5FTnKHFWOEUKdkwz6Dvdc750":{"chainKey":{"counter":1,"key":"3gazX+4YnBDB7pguj0YN1SaKUiYoxadGElz0DwytTC4="},"chainType":1,"messageKeys":{}}},"pendingPreKey":{"signedKeyId":1,"baseKey":"BR/+7Cf4bPr1scwJKZUhNsBaj5V1vruE0wYIHZcQywRu"}}},"version":"v1"}