{"_sessions":{"BXe+t1/MplsxjUXDw6KlJkrCRt9tZez/rRDQfzMErmQG":{"registrationId":384196296,"currentRatchet":{"ephemeralKeyPair":{"pubKey":"BbOVGGVAjXFVgSPVUZax4iy+0e4i4AW7+aOwjtl1brke","privKey":"GKxORY7iQ1dXE450AJe4FKgejfkkw7UgUQ/M1ypXznQ="},"lastRemoteEphemeralKey":"BZwo8Y1hFAG/MD+Msg4cwONf4mK4ShFtxGbnVEdYg/xx","previousCounter":0,"rootKey":"dBxZHA0hdsl5V6Rn3ppNV9sH7H62JB7vTwcM1OKDuoY="},"indexInfo":{"baseKey":"BXe+t1/MplsxjUXDw6KlJkrCRt9tZez/rRDQfzMErmQG","baseKeyType":1,"closed":-1,"used":1721227116628,"created":1721227116628,"remoteIdentityKey":"BafR32SUgUauigNCqA3FlJksPRgKyg4iInoalt82/INM"},"_chains":{"BbOVGGVAjXFVgSPVUZax4iy+0e4i4AW7+aOwjtl1brke":{"chainKey":{"counter":0,"key":"YMj/DQ87yRUwvtc5jwSuCaXNMwJj98QwmYwp44nuWao="},"chainType":1,"messageKeys":{}}},"pendingPreKey":{"signedKeyId":1,"baseKey":"BXe+t1/MplsxjUXDw6KlJkrCRt9tZez/rRDQfzMErmQG","preKeyId":1242593}}},"version":"v1"}