{"_sessions":{"BddunjJCJlOE9Eu9nYJcpwVkLHItiAQMMURDIfXEHy05":{"registrationId":46,"currentRatchet":{"ephemeralKeyPair":{"pubKey":"BZz2yDaLi32BwlrFQ+hlnMBzwf9KSbrysXBJWFrcgJFc","privKey":"2CxoiEcW0SHyBXQ+1S9RVFUmY9OSHAk+76aHTuUqfUw="},"lastRemoteEphemeralKey":"BTnyMa94xouDSRzOHCGaXLN/B6l49bNYsbnz5yDaRbcw","previousCounter":0,"rootKey":"9V4ysgM8rkhtEpHiBeDtwR0eDZaVgltk7NP1Nnn2GH4="},"indexInfo":{"baseKey":"BddunjJCJlOE9Eu9nYJcpwVkLHItiAQMMURDIfXEHy05","baseKeyType":1,"closed":1721227177643,"used":1721227175504,"created":1721227175504,"remoteIdentityKey":"BUs/ZxvgR+mtDnHmYImQ4TshgpNwU8D4ENr6lYKrbuZC"},"_chains":{"BZz2yDaLi32BwlrFQ+hlnMBzwf9KSbrysXBJWFrcgJFc":{"chainKey":{"counter":-1,"key":"9+Z8c/HcjomRN7aDBLP4umI7llF1NT78LdojhLKmCmY="},"chainType":1,"messageKeys":{}}},"pendingPreKey":{"signedKeyId":1,"baseKey":"BddunjJCJlOE9Eu9nYJcpwVkLHItiAQMMURDIfXEHy05"}},"BbpdDbepuMG7KOXoUrnDmWVsNqEJGFccHD65diSGOwI/":{"registrationId":46,"currentRatchet":{"ephemeralKeyPair":{"pubKey":"BehrcScX0a7ye8Uw74l/h741VhZjt+le0tARio5tLfMl","privKey":"sCQViRhQh0obUuyc9pEz4XlaGwWCFwzsG7SA8e7y6lg="},"lastRemoteEphemeralKey":"BTnyMa94xouDSRzOHCGaXLN/B6l49bNYsbnz5yDaRbcw","previousCounter":0,"rootKey":"qLyXIl9Z2zRGScG/7M31a5DI5SPNOfEMIAI0BGXPjWc="},"indexInfo":{"baseKey":"BbpdDbepuMG7KOXoUrnDmWVsNqEJGFccHD65diSGOwI/","baseKeyType":1,"closed":-1,"used":1721227177641,"created":1721227177641,"remoteIdentityKey":"BUs/ZxvgR+mtDnHmYImQ4TshgpNwU8D4ENr6lYKrbuZC"},"_chains":{"BehrcScX0a7ye8Uw74l/h741VhZjt+le0tARio5tLfMl":{"chainKey":{"counter":1,"key":"cUdjT3UAwJ/DHBGs1QXZ4A0G9HbqDl42PPr1IptGPQA="},"chainType":1,"messageKeys":{}}},"pendingPreKey":{"signedKeyId":1,"baseKey":"BbpdDbepuMG7KOXoUrnDmWVsNqEJGFccHD65diSGOwI/"}}},"version":"v1"}