{"_sessions":{"BWKKvl0lL65o6O8T7Qi0heIkc2MnXSD1zkPmO8WtcBdW":{"registrationId":1302820355,"currentRatchet":{"ephemeralKeyPair":{"pubKey":"BQzDRTUDAOGTL9+V+T30rO7Vl4MbXTq8qJCfIPLX+SJr","privKey":"IJsZN8lpRUK7Q7ao5nYD/ydk10Q/5yYNulAXmpR53kY="},"lastRemoteEphemeralKey":"BSL2/kmDIqaTDhe27y6Z4M649UmOTYbmGkNXE/rM7mFE","previousCounter":0,"rootKey":"bDxXAh4E7WoZJNHmvUw2XDqUjWUUiJyMYrrTm744pYI="},"indexInfo":{"baseKey":"BWKKvl0lL65o6O8T7Qi0heIkc2MnXSD1zkPmO8WtcBdW","baseKeyType":1,"closed":-1,"used":1721227116527,"created":1721227116527,"remoteIdentityKey":"BTkVptqgRscUIylszKA1tEOghUbLCyVDQEuZ0VSwr6Y3"},"_chains":{"BQzDRTUDAOGTL9+V+T30rO7Vl4MbXTq8qJCfIPLX+SJr":{"chainKey":{"counter":0,"key":"ob0LK6zPjjTPn7N3MFa5SY/GxPavXy9i1My5EFIypCQ="},"chainType":1,"messageKeys":{}}},"pendingPreKey":{"signedKeyId":0,"baseKey":"BWKKvl0lL65o6O8T7Qi0heIkc2MnXSD1zkPmO8WtcBdW","preKeyId":3219711}}},"version":"v1"}