{"_sessions":{"BXDYO2AdWvuCYHJw3A8d1PWsXkhiaoK0dAg3hXlyn9FJ":{"registrationId":125815457,"currentRatchet":{"ephemeralKeyPair":{"pubKey":"BRA2NglVYHIUFCJKZ+Iksu+FF7H+fhRCt+SYcv6baiYu","privKey":"sA8kSMYEM48PHppL06/GFPwAYP0i3mdhjiu1sV/8gHU="},"lastRemoteEphemeralKey":"BdGI66c9r7fPYjKzaopgDzIPj99SliTtNTCn9ixtzNAQ","previousCounter":0,"rootKey":"ZoHS6iaxIqGs9GqFvraOEDY7sETit+ZReUq/WlVxyeU="},"indexInfo":{"baseKey":"BXDYO2AdWvuCYHJw3A8d1PWsXkhiaoK0dAg3hXlyn9FJ","baseKeyType":1,"closed":1721227177971,"used":1721227175572,"created":1721227175572,"remoteIdentityKey":"BbOxtL4PLuce/SQm/RFbHYlO+SEiYCq4dQUOSSRVoWF5"},"_chains":{"BRA2NglVYHIUFCJKZ+Iksu+FF7H+fhRCt+SYcv6baiYu":{"chainKey":{"counter":-1,"key":"pwXrZL6u/E3o8dl9Xk+x2RCpSGdMQkVw19GE6bJZz0w="},"chainType":1,"messageKeys":{}}},"pendingPreKey":{"signedKeyId":20,"baseKey":"BXDYO2AdWvuCYHJw3A8d1PWsXkhiaoK0dAg3hXlyn9FJ"}},"BavhlH8qTjpk1sS7Y+ejr8AJjtjzCZJ/SHTdZCmZItc6":{"registrationId":125815457,"currentRatchet":{"ephemeralKeyPair":{"pubKey":"BXr9iwks0FcVFCuO0hHCX61peVs+ZlLMKQxcl2XaHEYi","privKey":"sAco60UVxkYn73+CFLEn5tkjCXzuUdzl45Q9HSe3kE8="},"lastRemoteEphemeralKey":"BdGI66c9r7fPYjKzaopgDzIPj99SliTtNTCn9ixtzNAQ","previousCounter":0,"rootKey":"chU6EtVz3ynb5THfAyCFtgdwA94gPyEam4RIm8brtBg="},"indexInfo":{"baseKey":"BavhlH8qTjpk1sS7Y+ejr8AJjtjzCZJ/SHTdZCmZItc6","baseKeyType":1,"closed":-1,"used":1721227177969,"created":1721227177969,"remoteIdentityKey":"BbOxtL4PLuce/SQm/RFbHYlO+SEiYCq4dQUOSSRVoWF5"},"_chains":{"BXr9iwks0FcVFCuO0hHCX61peVs+ZlLMKQxcl2XaHEYi":{"chainKey":{"counter":1,"key":"zuxzBvlNlknUqHWIUnqbqYUrA65m3Nj2sn1qZZRzcHs="},"chainType":1,"messageKeys":{}}},"pendingPreKey":{"signedKeyId":20,"baseKey":"BavhlH8qTjpk1sS7Y+ejr8AJjtjzCZJ/SHTdZCmZItc6"}}},"version":"v1"}