{"_sessions":{"BZOG4Z0Pxv99wiHLNK47pw7c9BU/Y4CxuZRBG0LkD0Ra":{"registrationId":14713,"currentRatchet":{"ephemeralKeyPair":{"pubKey":"BVnrYgNFfT/YJRDTP6p3BBziqJd5mgc5eVrkYGL7Lvdp","privKey":"KJTCHo1C452riTEOCP/3bTrxCsonkutytVyh96jmMHQ="},"lastRemoteEphemeralKey":"BdZ9YACUqQ52ALvg/7ukRwV6I0yQ1Lf3E2pIMVYYl1tG","previousCounter":0,"rootKey":"ER0b/5PvzADdS18eWXp8Rxvg7IkJxXSOSzzc2q6B56E="},"indexInfo":{"baseKey":"BZOG4Z0Pxv99wiHLNK47pw7c9BU/Y4CxuZRBG0LkD0Ra","baseKeyType":1,"closed":-1,"used":1721227115756,"created":1721227115756,"remoteIdentityKey":"BYaOAGU96Lqd/1t70CLA6M48VJ8p69kKOIZakV7ORogi"},"_chains":{"BVnrYgNFfT/YJRDTP6p3BBziqJd5mgc5eVrkYGL7Lvdp":{"chainKey":{"counter":0,"key":"AMAa77FVCR8wLoKEOsKnq86qZvNTrIRwE3sBQy62wV8="},"chainType":1,"messageKeys":{}}},"pendingPreKey":{"signedKeyId":1,"baseKey":"BZOG4Z0Pxv99wiHLNK47pw7c9BU/Y4CxuZRBG0LkD0Ra","preKeyId":597}}},"version":"v1"}