{"_sessions":{"BZs5999T2tTEYgJJ0vaYNnSj3NKx2JP4i531FYIfyr4V":{"registrationId":1624099718,"currentRatchet":{"ephemeralKeyPair":{"pubKey":"BS3O49jXYkL7ds8OJvXgLCgxjpC74U8rbP/f4rvIoTY0","privKey":"eI+/6/96O+t2TrtQGwB9cGOMypV52dQKa1qfm7cHvVg="},"lastRemoteEphemeralKey":"BSJwcwndXRFx7bzbm90sLOJLokq9a48JOEHD22IBpdJ5","previousCounter":0,"rootKey":"xqGUnY7PBaradB3li5yNs+J7qZCAPhxc0uA7L7YNg3o="},"indexInfo":{"baseKey":"BZs5999T2tTEYgJJ0vaYNnSj3NKx2JP4i531FYIfyr4V","baseKeyType":1,"closed":-1,"used":1721227116915,"created":1721227116915,"remoteIdentityKey":"BalBwOlfEZSAZvbWgb1uDn/M4uBU9iPpBc+jFDmLoFJZ"},"_chains":{"BS3O49jXYkL7ds8OJvXgLCgxjpC74U8rbP/f4rvIoTY0":{"chainKey":{"counter":0,"key":"DPtyGz/ZCuvXGqKwe/TfupW75cDDQc1kq/UdGeIeGQY="},"chainType":1,"messageKeys":{}}},"pendingPreKey":{"signedKeyId":1,"baseKey":"BZs5999T2tTEYgJJ0vaYNnSj3NKx2JP4i531FYIfyr4V"}}},"version":"v1"}