{"_sessions":{"Bd7+X9+AQFuUEKxAd9g+CLePI8w9U/+M4mWP5A/vT2k5":{"registrationId":815636024,"currentRatchet":{"ephemeralKeyPair":{"pubKey":"BTun+ladxAZPWwJMAGLCP6l15hlQgHys1zvOUsib9i8k","privKey":"eMb4EiMJSR/pMDc0xF2PNJJR2hR+a1zviroJwiSbhVk="},"lastRemoteEphemeralKey":"Be59fsys2khe/u9lae1CzmulysvdP6lOXuPigQH3ofYg","previousCounter":0,"rootKey":"QeeTKiEB6u7l4gAXfIAxrsDe4j3KUmuaamTIV2NsKKU="},"indexInfo":{"baseKey":"Bd7+X9+AQFuUEKxAd9g+CLePI8w9U/+M4mWP5A/vT2k5","baseKeyType":1,"closed":-1,"used":1721227117609,"created":1721227117609,"remoteIdentityKey":"Bb7/LAVYoUXwX+n8GuDHj34BuC+77jY3G0UpXnFvNtxu"},"_chains":{"BTun+ladxAZPWwJMAGLCP6l15hlQgHys1zvOUsib9i8k":{"chainKey":{"counter":0,"key":"738r5ow3/AJNt2iVu6uEUxEiatrrfMkLf7Nis5sbptE="},"chainType":1,"messageKeys":{}}},"pendingPreKey":{"signedKeyId":0,"baseKey":"Bd7+X9+AQFuUEKxAd9g+CLePI8w9U/+M4mWP5A/vT2k5"}}},"version":"v1"}