{"_sessions":{"Bb5OIpWQNxHO+Cb0Z8svBO1MdJdg6zo3uU75rZT+yocP":{"registrationId":1161051446,"currentRatchet":{"ephemeralKeyPair":{"pubKey":"BaKGgWpcq9giIs2UBRNHa0J117tbANkdHyqdupN1xQMU","privKey":"kH1ADeh2hzX5C7oKkko5AnKavnYYiWGpVs/zYwQSFk0="},"lastRemoteEphemeralKey":"BRFAGQKkiLuHtzvJFb+ia+W9uLwMLxahPVcdKLL5wKdz","previousCounter":0,"rootKey":"Ni+d94lyaQoI9uG0HsNBNVOVW+8gAWF29upWKt9nzvM="},"indexInfo":{"baseKey":"Bb5OIpWQNxHO+Cb0Z8svBO1MdJdg6zo3uU75rZT+yocP","baseKeyType":1,"closed":1721227179153,"used":1721227176019,"created":1721227176019,"remoteIdentityKey":"BQnq0TGP/DuZ3PsfZWXi58/krINKLxsC4zlclN/KpNAk"},"_chains":{"BaKGgWpcq9giIs2UBRNHa0J117tbANkdHyqdupN1xQMU":{"chainKey":{"counter":-1,"key":"PGxgM+CnKle/kLQ6SSTlAEm3D7RtkmJlQqO5mRZ8jZ0="},"chainType":1,"messageKeys":{}}},"pendingPreKey":{"signedKeyId":3,"baseKey":"Bb5OIpWQNxHO+Cb0Z8svBO1MdJdg6zo3uU75rZT+yocP","preKeyId":1392694}},"BQXOcXd6tXx1iw6UJOs0+VuNZCA3sFZLNCn5NgcKH+QD":{"registrationId":1161051446,"currentRatchet":{"ephemeralKeyPair":{"pubKey":"BVxwIRJjPvxNoqvIdX4a14BKqsP20PHbhgMoTX/CPWRD","privKey":"KPK1/FiF4aQemNk/mpyyyJa2qYF3qXuCSZKd3TeWiUE="},"lastRemoteEphemeralKey":"BRFAGQKkiLuHtzvJFb+ia+W9uLwMLxahPVcdKLL5wKdz","previousCounter":0,"rootKey":"RjoO5U8gq/N34i9HNa6ZHlk1V124wm+y26DNyat1rZs="},"indexInfo":{"baseKey":"BQXOcXd6tXx1iw6UJOs0+VuNZCA3sFZLNCn5NgcKH+QD","baseKeyType":1,"closed":-1,"used":1721227179151,"created":1721227179151,"remoteIdentityKey":"BQnq0TGP/DuZ3PsfZWXi58/krINKLxsC4zlclN/KpNAk"},"_chains":{"BVxwIRJjPvxNoqvIdX4a14BKqsP20PHbhgMoTX/CPWRD":{"chainKey":{"counter":1,"key":"BY05u+q4n07rxblVnDTsuwofqFiYHqc3iNFrDv7pYJU="},"chainType":1,"messageKeys":{}}},"pendingPreKey":{"signedKeyId":3,"baseKey":"BQXOcXd6tXx1iw6UJOs0+VuNZCA3sFZLNCn5NgcKH+QD","preKeyId":1392674}}},"version":"v1"}