{"_sessions":{"BQ3DOtVbT+tARfaqxUk32aJoeXXWW+l4CDRSDfdea5xH":{"registrationId":1634053136,"currentRatchet":{"ephemeralKeyPair":{"pubKey":"BRHAQ1KcUfTUuSNPaBFAc8kLIFjPMcdrh4tx99HdmhVM","privKey":"OD+ztJfiBIk73zC/eZ8UitR2TJxI/X4pPqRoU6vM2EI="},"lastRemoteEphemeralKey":"BcH9z45TpZP32WkkT1QH175r69kLQKgPgbfEQ8jPSg8V","previousCounter":0,"rootKey":"imnX0I2Usg99HSim7xP4G0EV1RjxNnR9EKZ3tQdEiw0="},"indexInfo":{"baseKey":"BQ3DOtVbT+tARfaqxUk32aJoeXXWW+l4CDRSDfdea5xH","baseKeyType":1,"closed":-1,"used":1721227117428,"created":1721227117428,"remoteIdentityKey":"BWhGRwctgS6WyMCll5KW18xd86kZmu+w/5kX7vFTmwQE"},"_chains":{"BRHAQ1KcUfTUuSNPaBFAc8kLIFjPMcdrh4tx99HdmhVM":{"chainKey":{"counter":0,"key":"FR8sx7u/PqiA1i/CmxrSwLJUdyH0f4XD5xwanW99T6M="},"chainType":1,"messageKeys":{}}},"pendingPreKey":{"signedKeyId":0,"baseKey":"BQ3DOtVbT+tARfaqxUk32aJoeXXWW+l4CDRSDfdea5xH","preKeyId":10959193}}},"version":"v1"}