{"_sessions":{"BdqaY+FasA2uGyuMwG8suwafE8XOtn/0x7RuCPFUpj8x":{"registrationId":123622246,"currentRatchet":{"ephemeralKeyPair":{"pubKey":"BcVp0nS7ZsgJCxLNw9aConEYXERgOTsmNVe8W2r8oQRs","privKey":"aMwuW9rGyorUNbdH7UQf0waVVVPENARbQuGz3igd7Vk="},"lastRemoteEphemeralKey":"BXjsWTtE94qXVYlBJ/nw36S5fdNi3yvXMBCwh7E5WN9G","previousCounter":0,"rootKey":"v9HDmkcUAQ1FOoNny080W4Oi2xZ/Mj7rUetSTPKVlYI="},"indexInfo":{"baseKey":"BdqaY+FasA2uGyuMwG8suwafE8XOtn/0x7RuCPFUpj8x","baseKeyType":1,"closed":-1,"used":1721227116348,"created":1721227116348,"remoteIdentityKey":"BViqOaHX6QzCb99Q5avDKBJVfdv7ocUndoLsa7IadqQ8"},"_chains":{"BcVp0nS7ZsgJCxLNw9aConEYXERgOTsmNVe8W2r8oQRs":{"chainKey":{"counter":0,"key":"5iS+uz4XbeZHE85ock01fSy7900sc/8KmQgTbgj4sho="},"chainType":1,"messageKeys":{}}},"pendingPreKey":{"signedKeyId":1,"baseKey":"BdqaY+FasA2uGyuMwG8suwafE8XOtn/0x7RuCPFUpj8x"}}},"version":"v1"}