{"_sessions":{"BdQgw0O2f5Y9hnAUpgofrbrtHNzLjjj8vYxUH5Elj51f":{"registrationId":1746231100,"currentRatchet":{"ephemeralKeyPair":{"pubKey":"BUM81UhvuCAaGxaG1/l1lhgNN/CX7HIbX4CL5tXFzWQj","privKey":"CJq1CQYgVTamrLHQBSu2Z6zXRgF+D2jny/WFOWBsm0w="},"lastRemoteEphemeralKey":"BdYZk4dQ1vpRy0t7FGeIq4iFASu1TOYaKWEnmDPTgq93","previousCounter":0,"rootKey":"g7/wXX29FwGLN6Y1nmtpNaal0vorl6LLRbad8IAUH4E="},"indexInfo":{"baseKey":"BdQgw0O2f5Y9hnAUpgofrbrtHNzLjjj8vYxUH5Elj51f","baseKeyType":1,"closed":1721227178223,"used":1721227175632,"created":1721227175632,"remoteIdentityKey":"BcRsqaYiyfZ29tGHDAeGhss2DtQLY6CRU5nZfafWTXQf"},"_chains":{"BUM81UhvuCAaGxaG1/l1lhgNN/CX7HIbX4CL5tXFzWQj":{"chainKey":{"counter":-1,"key":"hGJjNBBATeGak+8zTsAFfUPx2YU4TQ08QBPmSDJ4vrU="},"chainType":1,"messageKeys":{}}},"pendingPreKey":{"signedKeyId":1,"baseKey":"BdQgw0O2f5Y9hnAUpgofrbrtHNzLjjj8vYxUH5Elj51f","preKeyId":7172275}},"BfvQOo64h99IX+AGqvT2j5ZgFQ/FeabT9QJBD/+UgM9J":{"registrationId":1746231100,"currentRatchet":{"ephemeralKeyPair":{"pubKey":"BfqMrUj5FpaLXW9jOfzw16REhvrw4FkIi2QJYN4Ks+kg","privKey":"6OmNcOJglelRaeeZOMmeOnU22phw74AlLFWHJ3/qDGo="},"lastRemoteEphemeralKey":"BdYZk4dQ1vpRy0t7FGeIq4iFASu1TOYaKWEnmDPTgq93","previousCounter":0,"rootKey":"jGHmtHzFJ/Owtea079AZ31vasEeUcoMXXHuoLfsnd7g="},"indexInfo":{"baseKey":"BfvQOo64h99IX+AGqvT2j5ZgFQ/FeabT9QJBD/+UgM9J","baseKeyType":1,"closed":-1,"used":1721227178221,"created":1721227178221,"remoteIdentityKey":"BcRsqaYiyfZ29tGHDAeGhss2DtQLY6CRU5nZfafWTXQf"},"_chains":{"BfqMrUj5FpaLXW9jOfzw16REhvrw4FkIi2QJYN4Ks+kg":{"chainKey":{"counter":1,"key":"hKO4NcqEXy/ep+6IyzrpmZ2Jdzss42jed+gyCoHYrms="},"chainType":1,"messageKeys":{}}},"pendingPreKey":{"signedKeyId":1,"baseKey":"BfvQOo64h99IX+AGqvT2j5ZgFQ/FeabT9QJBD/+UgM9J","preKeyId":7172646}}},"version":"v1"}