{"_sessions":{"BQUP2BSUPnA8jILiw/bX1veDxlVVsiC2vVlTDHWiXJJv":{"registrationId":333462401,"currentRatchet":{"ephemeralKeyPair":{"pubKey":"BTwS7A+hPvGhK97GOv0IMEgdkcuExudi54YeWZSICzc5","privKey":"UBAtHeaKutCgBC93xB4qOYiSRH4vbDMTMA/wQ80UvGc="},"lastRemoteEphemeralKey":"BcKIXePEqa+YQSJAwbpasHGvFLWngeBC1fxuujUino0j","previousCounter":0,"rootKey":"btixZdQswV3e9M84JbySiK61gu37ngV3zslCxXuH0Ig="},"indexInfo":{"baseKey":"BQUP2BSUPnA8jILiw/bX1veDxlVVsiC2vVlTDHWiXJJv","baseKeyType":1,"closed":-1,"used":1721227117549,"created":1721227117549,"remoteIdentityKey":"BVqP8UFdVsnurm2CS5BnDWxocmjtqTTg4RsjHVs40HZ1"},"_chains":{"BTwS7A+hPvGhK97GOv0IMEgdkcuExudi54YeWZSICzc5":{"chainKey":{"counter":0,"key":"j4ao+CgYxp6e0OwdGtZTkoHKryDLJJSRhnafR2a2Ic4="},"chainType":1,"messageKeys":{}}},"pendingPreKey":{"signedKeyId":1,"baseKey":"BQUP2BSUPnA8jILiw/bX1veDxlVVsiC2vVlTDHWiXJJv"}}},"version":"v1"}