{"_sessions":{"BWwZwbBgN5ZNDW+K9FfEVgyUOLUeI6nMG0nR3hjJxVxu":{"registrationId":188,"currentRatchet":{"ephemeralKeyPair":{"pubKey":"BZNBy3mdGJW7jqwtwFMmVnQg0JXE6E2/WTpHh5gOSFF9","privKey":"oAeeG8rU5CFTTzaqRdQ+oD4Prbfd7kocH+9et7iRZWo="},"lastRemoteEphemeralKey":"Bcj94JFSVV7+NdJ4XKFcsgLdSMtGz0p6AfknYY2ZsPNJ","previousCounter":0,"rootKey":"ag2iGfw08540sSRq7oeRBdxlZ4Wa+Zsctc+CshabjOU="},"indexInfo":{"baseKey":"BWwZwbBgN5ZNDW+K9FfEVgyUOLUeI6nMG0nR3hjJxVxu","baseKeyType":1,"closed":1721227177044,"used":1721227175245,"created":1721227175245,"remoteIdentityKey":"BQHgwA+KViBPiFYYYC95oySjlINUy7YgXOTWsLUKtgZA"},"_chains":{"BZNBy3mdGJW7jqwtwFMmVnQg0JXE6E2/WTpHh5gOSFF9":{"chainKey":{"counter":-1,"key":"HIzfmYJMAJ9fTbfo2rxnNpAHRsndstFjdjS5//Kn+iM="},"chainType":1,"messageKeys":{}}},"pendingPreKey":{"signedKeyId":1,"baseKey":"BWwZwbBgN5ZNDW+K9FfEVgyUOLUeI6nMG0nR3hjJxVxu","preKeyId":19}},"BZMWbknU+WPxmzlgIganK/eJF9NeBzMW63rO+g+2+dpt":{"registrationId":188,"currentRatchet":{"ephemeralKeyPair":{"pubKey":"BYdGLaR8kH3s6aNO1EbXW5jG7RXroh2PbtVIxDLp8aMA","privKey":"2F2shNpn9qjkh2LjsVEdUf2xo0S4U0ltxeg3HJ5DMXk="},"lastRemoteEphemeralKey":"Bcj94JFSVV7+NdJ4XKFcsgLdSMtGz0p6AfknYY2ZsPNJ","previousCounter":0,"rootKey":"fzG4pzM0hihLODcmDzZ7790bAZh5dknzG2+71iXtz30="},"indexInfo":{"baseKey":"BZMWbknU+WPxmzlgIganK/eJF9NeBzMW63rO+g+2+dpt","baseKeyType":1,"closed":1721227200444,"used":1721227177041,"created":1721227177041,"remoteIdentityKey":"BQHgwA+KViBPiFYYYC95oySjlINUy7YgXOTWsLUKtgZA"},"_chains":{"BYdGLaR8kH3s6aNO1EbXW5jG7RXroh2PbtVIxDLp8aMA":{"chainKey":{"counter":1,"key":"Q0v03VNLDW59tIhsEcjUi/lBp3mR2IasKwK4iaFqfXo="},"chainType":1,"messageKeys":{}}},"pendingPreKey":{"signedKeyId":1,"baseKey":"BZMWbknU+WPxmzlgIganK/eJF9NeBzMW63rO+g+2+dpt","preKeyId":28}},"BWC5GR4ul97uxWuUmGEUPWrX5GD7hag7pQd7BReIIoQe":{"registrationId":188,"currentRatchet":{"ephemeralKeyPair":{"pubKey":"BaJw1zc/xeAbeWX3pX9cCa+cIY2qV3Oq8h+tL3zlk54P","privKey":"+MTTRSC8X2QKEux2SYNpH+P3qyF/AcD7pmbM+XCx+2c="},"lastRemoteEphemeralKey":"BQHg9FYUVuuQfSunlQdNijFhnz0Y1vAIVjD4BGwsocA/","previousCounter":0,"rootKey":"QgiXpClxQ+DoKcg9QVF652HwILtg+gArDMopE+QbTSk="},"indexInfo":{"baseKey":"BWC5GR4ul97uxWuUmGEUPWrX5GD7hag7pQd7BReIIoQe","baseKeyType":2,"closed":-1,"used":1721227200447,"created":1721227200447,"remoteIdentityKey":"BQHgwA+KViBPiFYYYC95oySjlINUy7YgXOTWsLUKtgZA"},"_chains":{"BQHg9FYUVuuQfSunlQdNijFhnz0Y1vAIVjD4BGwsocA/":{"chainKey":{"counter":0,"key":"xTVs7vwhTckobYf5BvIpJclnpFyhYCA8EtWVFQPZRII="},"chainType":2,"messageKeys":{}},"BaJw1zc/xeAbeWX3pX9cCa+cIY2qV3Oq8h+tL3zlk54P":{"chainKey":{"counter":-1,"key":"ksRiQDh2Lu5/xQ9AGxqMQ/AY+/6xNwJezm1N+88/iZM="},"chainType":1,"messageKeys":{}}}}},"version":"v1"}