{"_sessions":{"BaBbZLb0KIZuhUWNoi674rtSQPEI8adhGvZFwwPV6XZC":{"registrationId":1942212438,"currentRatchet":{"ephemeralKeyPair":{"pubKey":"BT0/YJkzbS7gkMvYgCjyCM8INRNl85pGg7wpqgYRMNhy","privKey":"QAIB1dPGlp2NJpeFp1lCt+0dDlJSGGr4UbJrlHXGMFs="},"lastRemoteEphemeralKey":"BeeudYQWkWjXQ863ZgDlPCqHIr+fRKBKU3YJTXMEeYJZ","previousCounter":0,"rootKey":"pQvIexVOiZFwmPjS78K3Ielvb9CcJTeEPSvjhJ9VuF8="},"indexInfo":{"baseKey":"BaBbZLb0KIZuhUWNoi674rtSQPEI8adhGvZFwwPV6XZC","baseKeyType":1,"closed":-1,"used":1721227117544,"created":1721227117544,"remoteIdentityKey":"BTz/U6C8lKZxYzoxtDo1m1/CH0mVGfXU6Y/iAg0+YH89"},"_chains":{"BT0/YJkzbS7gkMvYgCjyCM8INRNl85pGg7wpqgYRMNhy":{"chainKey":{"counter":0,"key":"YWL1GNUFDaG36xbvCvSo37uBP9A6jjLaWhhwc/avQnY="},"chainType":1,"messageKeys":{}}},"pendingPreKey":{"signedKeyId":0,"baseKey":"BaBbZLb0KIZuhUWNoi674rtSQPEI8adhGvZFwwPV6XZC","preKeyId":5825434}}},"version":"v1"}