{"_sessions":{"BSrAe5vrDgFbgfbUTWoprBmVOC2c969Ywl/U83yXS2BN":{"registrationId":949518402,"currentRatchet":{"ephemeralKeyPair":{"pubKey":"BV4RdSjkVHsjgn7fWn3DNgGRPREtDGSO89FyiVd4sdsd","privKey":"6H+8kDDoOya3Je6vmmoqaw44rVQXtw3b2rTD1AZz21c="},"lastRemoteEphemeralKey":"BTxe3XFs9ukqCk9aL00AhsiiBsDuR+kQCvo4klCXStEH","previousCounter":0,"rootKey":"gw3WJfDz0QUBmP9VPbkdnJOwzgScIRm7KCkgxfLl3to="},"indexInfo":{"baseKey":"BSrAe5vrDgFbgfbUTWoprBmVOC2c969Ywl/U83yXS2BN","baseKeyType":1,"closed":-1,"used":1721227117117,"created":1721227117117,"remoteIdentityKey":"BeCEQDUBfJK0XjE23j1YpwoKEYJW5jcA5rD0RDPCLAhE"},"_chains":{"BV4RdSjkVHsjgn7fWn3DNgGRPREtDGSO89FyiVd4sdsd":{"chainKey":{"counter":0,"key":"2K8g+g+ebztMDvLYceZOhCbLHO+X3UzrAXa0sRZ9bwk="},"chainType":1,"messageKeys":{}}},"pendingPreKey":{"signedKeyId":0,"baseKey":"BSrAe5vrDgFbgfbUTWoprBmVOC2c969Ywl/U83yXS2BN"}}},"version":"v1"}