{"_sessions":{"BS98/hXDjv0Zd9jP4YUfbm9C6szUPFPrjxJfNERYBLQ6":{"registrationId":1356298943,"currentRatchet":{"ephemeralKeyPair":{"pubKey":"BW9ufezwuSYUYBAOasAnJhl9n7W2/Zgy0Obgtku+5LdY","privKey":"8ONZoNOH8FsqKTdVfMavwhbWC/OGtjE+zWEXr4Eb2W0="},"lastRemoteEphemeralKey":"BXZ3cKXv68sEIYpyKdO+Kt7/tkPmmiG1oD1y2FGVHoMI","previousCounter":0,"rootKey":"X6fWldDf9+hpDTF5OQkhdDOBXuVhSysDjx2ysiIO5VU="},"indexInfo":{"baseKey":"BS98/hXDjv0Zd9jP4YUfbm9C6szUPFPrjxJfNERYBLQ6","baseKeyType":1,"closed":-1,"used":1721227116533,"created":1721227116533,"remoteIdentityKey":"BWveP2339XdQNxhwfXK++4c0nGGlcWuxe+TUsjzky3xy"},"_chains":{"BW9ufezwuSYUYBAOasAnJhl9n7W2/Zgy0Obgtku+5LdY":{"chainKey":{"counter":0,"key":"UT579kaPHB8JDqigJ7KEJMnthF032pZmyg21zYVZ2NU="},"chainType":1,"messageKeys":{}}},"pendingPreKey":{"signedKeyId":10,"baseKey":"BS98/hXDjv0Zd9jP4YUfbm9C6szUPFPrjxJfNERYBLQ6","preKeyId":3831823}}},"version":"v1"}