{"_sessions":{"BW855nFUrabw/+Uaft0H1GgWR9j/2Qad2/Cs0u4vkJpC":{"registrationId":577879363,"currentRatchet":{"ephemeralKeyPair":{"pubKey":"BY+G2D2Rf1MOxfiAnnwnysGzMtV1BMWOSC04K6kyHpgJ","privKey":"AMwaSYKP76Wi648HOBsEVweQk3S/7zoyxx5zdc8hzXk="},"lastRemoteEphemeralKey":"BTE3lwGFWRWSdq4UU5WHjihTOl/gOWrqMSY35+OjBI9Q","previousCounter":0,"rootKey":"6cRBdwImyR89qz537/ujnigqwyer3JVCGOC7wC4GbBs="},"indexInfo":{"baseKey":"BW855nFUrabw/+Uaft0H1GgWR9j/2Qad2/Cs0u4vkJpC","baseKeyType":1,"closed":-1,"used":1721227117122,"created":1721227117122,"remoteIdentityKey":"BRmqaEgqsD/oY7v48G+vhJxHVtMj3rc7YyMM0ocbl5gc"},"_chains":{"BY+G2D2Rf1MOxfiAnnwnysGzMtV1BMWOSC04K6kyHpgJ":{"chainKey":{"counter":0,"key":"vyDh69nXiKf2qVxPWWCTA6/V+cPlC/I4EVaFfDUWwFk="},"chainType":1,"messageKeys":{}}},"pendingPreKey":{"signedKeyId":7,"baseKey":"BW855nFUrabw/+Uaft0H1GgWR9j/2Qad2/Cs0u4vkJpC","preKeyId":14587891}}},"version":"v1"}