{"_sessions":{"BWq3y/QIzJogOETnJNiiwiBuBHxl+12fbY9MEQtJhOcJ":{"registrationId":1326620050,"currentRatchet":{"ephemeralKeyPair":{"pubKey":"BfeVWf5OT177TdXFdck3yL+D+Sm18pqUr7HJiPxpOcFN","privKey":"mIKUHupV7NjbgIATQxgU1ywZekZGCo6EdWH801NKGU8="},"lastRemoteEphemeralKey":"BTd2u43eY5HssMc2DDifZPG8t7gI0DlkhpKt7wMmn1wD","previousCounter":0,"rootKey":"DbfUW1OiE8G3I3HVQwLFmyoL/feqtotDK7qXt/I/Dlw="},"indexInfo":{"baseKey":"BWq3y/QIzJogOETnJNiiwiBuBHxl+12fbY9MEQtJhOcJ","baseKeyType":1,"closed":-1,"used":1721227117539,"created":1721227117539,"remoteIdentityKey":"BX3gHdRtH52gw59t/yNH2tlGyDeEkwFqO4bdu5cPaoYy"},"_chains":{"BfeVWf5OT177TdXFdck3yL+D+Sm18pqUr7HJiPxpOcFN":{"chainKey":{"counter":0,"key":"SiUT6mCy1xmu5qNS6fCL0HrmckRRwOqkHw/+VDS44eY="},"chainType":1,"messageKeys":{}}},"pendingPreKey":{"signedKeyId":0,"baseKey":"BWq3y/QIzJogOETnJNiiwiBuBHxl+12fbY9MEQtJhOcJ","preKeyId":3748924}}},"version":"v1"}