{"_sessions":{"Bdk/R9TMwqxIMB8Gank2BNifHrJKc+7ErHZ4GOmrpit7":{"registrationId":906,"currentRatchet":{"ephemeralKeyPair":{"pubKey":"Bce3xGd4dglKan7CmX8arnvdzod7alyI8+j+TXps6UVU","privKey":"iPp9fopDugBowEqCjDrCFs7uJFVBZy13Q5RcTxv/E10="},"lastRemoteEphemeralKey":"BSM/F6rXvMDOSQ++vAdTTsboU0LB3DozbTdnmF/44v0c","previousCounter":0,"rootKey":"xST5Q2lnymP7tEvul3uZi5+5oY7yGtXVY10mAlh+afw="},"indexInfo":{"baseKey":"Bdk/R9TMwqxIMB8Gank2BNifHrJKc+7ErHZ4GOmrpit7","baseKeyType":1,"closed":-1,"used":1721227116245,"created":1721227116245,"remoteIdentityKey":"BXoYo90/NgVSPhtTx5N4gUH5CCyOq2YbnHT1VolhyDs/"},"_chains":{"Bce3xGd4dglKan7CmX8arnvdzod7alyI8+j+TXps6UVU":{"chainKey":{"counter":0,"key":"6e4ZYz8Ur0CFHF6/rX7tYsvGJzDh/ipwAkO1OUH5dUU="},"chainType":1,"messageKeys":{}}},"pendingPreKey":{"signedKeyId":1,"baseKey":"Bdk/R9TMwqxIMB8Gank2BNifHrJKc+7ErHZ4GOmrpit7"}}},"version":"v1"}