{"_sessions":{"BYGs0rqD79RsrzmojI6ozGgk/hXPW8zR3TxVciiUkE1N":{"registrationId":9521,"currentRatchet":{"ephemeralKeyPair":{"pubKey":"BS3KV6DF9clTFsEzpTEmBjliolNeVBRo/x1LkfVybFRg","privKey":"eBeGQBYda2vZm5PCv+r9sn8LXOkJDGN/geqFYil9PUk="},"lastRemoteEphemeralKey":"BcKi8OBwMsS7RXI2vwGbcpopKSEbTKwBi6hYdDyMQY0c","previousCounter":0,"rootKey":"j/nWIMvn8Zp+PZDu07tfsZo7h5ZuePEflndCpQNIIAo="},"indexInfo":{"baseKey":"BYGs0rqD79RsrzmojI6ozGgk/hXPW8zR3TxVciiUkE1N","baseKeyType":1,"closed":-1,"used":1721227115642,"created":1721227115642,"remoteIdentityKey":"BT53Ynt+uDZ0HdTOqWpCIh02P991nMWPpuse4JF3i94R"},"_chains":{"BS3KV6DF9clTFsEzpTEmBjliolNeVBRo/x1LkfVybFRg":{"chainKey":{"counter":0,"key":"ia88jMsNCKELdBLgxkD9SyJt8iKM690idqOb6eRaG0s="},"chainType":1,"messageKeys":{}}},"pendingPreKey":{"signedKeyId":1,"baseKey":"BYGs0rqD79RsrzmojI6ozGgk/hXPW8zR3TxVciiUkE1N"}}},"version":"v1"}