{"_sessions":{"BWurf88CQulSXxIB3tJIOkFUUhcp4XWN0P/WA+s+OatB":{"registrationId":1691669082,"currentRatchet":{"ephemeralKeyPair":{"pubKey":"BQ84yB9snQA61fX/H51jPASl+tidizU3HcvX5//ucCU7","privKey":"qBdDyQ0lineUw12gQ+YLR0jl4IUcijOTfMVfre8pZ0Q="},"lastRemoteEphemeralKey":"BZahsEdOXhLPjqLyMl0JvEd7zyX4R841Hlr0wiFKLTk+","previousCounter":0,"rootKey":"cJwBc1fyB6mfQEt3PlRC8c7Z9sLvHLsmOvbuEyVV+3Q="},"indexInfo":{"baseKey":"BWurf88CQulSXxIB3tJIOkFUUhcp4XWN0P/WA+s+OatB","baseKeyType":1,"closed":1721227178256,"used":1721227175641,"created":1721227175641,"remoteIdentityKey":"BXhV2ynS4Zf3lIkSfYD1W78pTCZEt9neGuS1vMGpnX0D"},"_chains":{"BQ84yB9snQA61fX/H51jPASl+tidizU3HcvX5//ucCU7":{"chainKey":{"counter":-1,"key":"WDZup7BJIevqHBJs2eCUqE0j3SS6FHhnAbN6ZIfKf6U="},"chainType":1,"messageKeys":{}}},"pendingPreKey":{"signedKeyId":2,"baseKey":"BWurf88CQulSXxIB3tJIOkFUUhcp4XWN0P/WA+s+OatB","preKeyId":9328216}},"BR2J8717iycFugSutvn12nRuK3AhCb5ZvJzHbYSOAOwU":{"registrationId":1691669082,"currentRatchet":{"ephemeralKeyPair":{"pubKey":"BckAv5RnYQpDkY1yI7GCRhFVWrWJr2Ppt/EuKf2tMe5f","privKey":"kA9ah4pWNc/StiL6UnNoB8EqBkTFhR40Wp4i+fzdumI="},"lastRemoteEphemeralKey":"BZahsEdOXhLPjqLyMl0JvEd7zyX4R841Hlr0wiFKLTk+","previousCounter":0,"rootKey":"wXGIwDIX/4VTUmod2ihG7a6Mphn+SR/j9ZwehF4qN+4="},"indexInfo":{"baseKey":"BR2J8717iycFugSutvn12nRuK3AhCb5ZvJzHbYSOAOwU","baseKeyType":1,"closed":-1,"used":1721227178255,"created":1721227178255,"remoteIdentityKey":"BXhV2ynS4Zf3lIkSfYD1W78pTCZEt9neGuS1vMGpnX0D"},"_chains":{"BckAv5RnYQpDkY1yI7GCRhFVWrWJr2Ppt/EuKf2tMe5f":{"chainKey":{"counter":1,"key":"ArHyKNNFkQwQvP6E0+MWJjp0WjcevG5Gc+LgIJE6sV8="},"chainType":1,"messageKeys":{}}},"pendingPreKey":{"signedKeyId":2,"baseKey":"BR2J8717iycFugSutvn12nRuK3AhCb5ZvJzHbYSOAOwU","preKeyId":9327669}}},"version":"v1"}