{"_sessions":{"BfF9fD+WNm/Fy6m4IrQwv5dgypYf4u7dFsbn36yvlIlA":{"registrationId":4688,"currentRatchet":{"ephemeralKeyPair":{"pubKey":"BREd2tjj+g5nvoELAziaTiBPsXz5Kqb17i8EaHk4AIwV","privKey":"ID46wPsAml80FoO/tEZoisGEwkdHZY9g4+EsDrE4TnM="},"lastRemoteEphemeralKey":"BbMz8k32iOD+olCE6AndOeSftZW+nQN+0NUqG4bVEY8y","previousCounter":0,"rootKey":"FoubCvJv3biqXMx2bzPdsTV6iAzED8iI/18qc7OZ2KY="},"indexInfo":{"baseKey":"BfF9fD+WNm/Fy6m4IrQwv5dgypYf4u7dFsbn36yvlIlA","baseKeyType":1,"closed":-1,"used":1721227115721,"created":1721227115721,"remoteIdentityKey":"BU+W4fwhohleSuhklRNPLKSovPl2fF/bPlT2PfIAi5xU"},"_chains":{"BREd2tjj+g5nvoELAziaTiBPsXz5Kqb17i8EaHk4AIwV":{"chainKey":{"counter":0,"key":"+eB/FdZ7bugvSz6hpoXoXBrPL9JAWWU/qYsBWFb7KHY="},"chainType":1,"messageKeys":{}}},"pendingPreKey":{"signedKeyId":1,"baseKey":"BfF9fD+WNm/Fy6m4IrQwv5dgypYf4u7dFsbn36yvlIlA","preKeyId":595}}},"version":"v1"}