{"_sessions":{"Be16+9AWegQNmjHQzP2dtXnRWCxBFofmERl/Cq/0YNws":{"registrationId":888753073,"currentRatchet":{"ephemeralKeyPair":{"pubKey":"BbQ4fOFmKL6UsuqeFdcyTlPieCS5d7mJDXkMbCX+dQM/","privKey":"0M7nGB0UW1tdjiu9LwHAdrC55wbTOGC+ka6HcF70OEg="},"lastRemoteEphemeralKey":"BSPLBYxETAWDHQXFF98IJfV1OSljOdZiObEHGADJzKZC","previousCounter":0,"rootKey":"t7uKokmXr/WNsnCKxLCew/wshSkb+NwOa/lURPfXBCA="},"indexInfo":{"baseKey":"Be16+9AWegQNmjHQzP2dtXnRWCxBFofmERl/Cq/0YNws","baseKeyType":1,"closed":1721227177836,"used":1721227175544,"created":1721227175544,"remoteIdentityKey":"BVzWHTqrHIuIxKXRgVTaDw7syq6gvmpsgorTH9Fs4A4J"},"_chains":{"BbQ4fOFmKL6UsuqeFdcyTlPieCS5d7mJDXkMbCX+dQM/":{"chainKey":{"counter":-1,"key":"w+RcwKV6IrLLBnE8DRl2KwOKnZjBAsxQ/ylTeogecEc="},"chainType":1,"messageKeys":{}}},"pendingPreKey":{"signedKeyId":3,"baseKey":"Be16+9AWegQNmjHQzP2dtXnRWCxBFofmERl/Cq/0YNws"}},"BeKlZa2JxmYfB3KFXYpujRG87QDndLzjAYx0pytcefEK":{"registrationId":888753073,"currentRatchet":{"ephemeralKeyPair":{"pubKey":"BRWJL+5SYrE4T8l9+afFCgRr0Z37gaRrhLcjeg4nyW81","privKey":"2LZQ+nWhOTA/jtXLN+eq0EZdhs7bpmnWnBwkXY0L3FE="},"lastRemoteEphemeralKey":"BSPLBYxETAWDHQXFF98IJfV1OSljOdZiObEHGADJzKZC","previousCounter":0,"rootKey":"zByunKYVHxEMAjFvGbI9W2bWXdxP/iVmSdcQTTpEcHU="},"indexInfo":{"baseKey":"BeKlZa2JxmYfB3KFXYpujRG87QDndLzjAYx0pytcefEK","baseKeyType":1,"closed":-1,"used":1721227177834,"created":1721227177834,"remoteIdentityKey":"BVzWHTqrHIuIxKXRgVTaDw7syq6gvmpsgorTH9Fs4A4J"},"_chains":{"BRWJL+5SYrE4T8l9+afFCgRr0Z37gaRrhLcjeg4nyW81":{"chainKey":{"counter":1,"key":"+RUHfO0eLk9Qsn9Ltl6mSmG2h/hq3VMY6KC9roU476s="},"chainType":1,"messageKeys":{}}},"pendingPreKey":{"signedKeyId":3,"baseKey":"BeKlZa2JxmYfB3KFXYpujRG87QDndLzjAYx0pytcefEK"}}},"version":"v1"}