{"_sessions":{"BQUceAq3AQolPyhva2lEmmEqxcS4F+BGa4zVQGkWKYhA":{"registrationId":12135,"currentRatchet":{"ephemeralKeyPair":{"pubKey":"BTfMTgBpGR0ARNSvpE5hLPJvfhn5VPFYCqOmbLUS3Ppm","privKey":"CPOEaVY8e1RarSjeYO736MUHxLi6fAu6ldA+p4oEyXk="},"lastRemoteEphemeralKey":"BZ5JIpKvL4mNhc2FshEDFqKfGQEyn+I5jgYZlEaxCfsH","previousCounter":0,"rootKey":"/BnCz85YqD2pes9dqq3jsyDh2pMhkE3wqw5XYRKdgOU="},"indexInfo":{"baseKey":"BQUceAq3AQolPyhva2lEmmEqxcS4F+BGa4zVQGkWKYhA","baseKeyType":1,"closed":-1,"used":1721227116027,"created":1721227116027,"remoteIdentityKey":"Babym99eOLlzkxjuKEtjGDkBMynxxuCALLYpGOuxgCRW"},"_chains":{"BTfMTgBpGR0ARNSvpE5hLPJvfhn5VPFYCqOmbLUS3Ppm":{"chainKey":{"counter":0,"key":"qtFhvt0BraAgfYb7vKzDIId9JKX89VK8yqxDXYpi35E="},"chainType":1,"messageKeys":{}}},"pendingPreKey":{"signedKeyId":1,"baseKey":"BQUceAq3AQolPyhva2lEmmEqxcS4F+BGa4zVQGkWKYhA"}}},"version":"v1"}