{"_sessions":{"BZzNbPtzzT47uaoXPSTqkLIvLX62N4paHRIrWEXqars/":{"registrationId":1417121575,"currentRatchet":{"ephemeralKeyPair":{"pubKey":"BXmwteWx5+3ROzXYhmThPilhX+huIeIRtWd2VWJoNLgv","privKey":"uDqRpNIaMRsAQAW68F3eqgfSggWUDCZJBVyMl0Hdwms="},"lastRemoteEphemeralKey":"BVJGHJRUlTJ7SsbttqwNr8xFRQusR05NIjwHg5TYBfoP","previousCounter":0,"rootKey":"DztTmNMH8bzFn6/f05PMDIIf1oX5XCX4/QBnpRVF/RQ="},"indexInfo":{"baseKey":"BZzNbPtzzT47uaoXPSTqkLIvLX62N4paHRIrWEXqars/","baseKeyType":1,"closed":-1,"used":1721227116632,"created":1721227116632,"remoteIdentityKey":"BR7OPV8rmLAg8ZXmMvwfhPj5CBI+4k6KVp/1WJoUOl4v"},"_chains":{"BXmwteWx5+3ROzXYhmThPilhX+huIeIRtWd2VWJoNLgv":{"chainKey":{"counter":0,"key":"f86vOLi7suZGDPA6nGleJOArsnM8apiXNTV+URaR9WU="},"chainType":1,"messageKeys":{}}},"pendingPreKey":{"signedKeyId":1,"baseKey":"BZzNbPtzzT47uaoXPSTqkLIvLX62N4paHRIrWEXqars/"}}},"version":"v1"}