{"_sessions":{"BZOS74VJ0n6nr/UkoevdMzulqEWaNsLgGeOh0B/iK3Vm":{"registrationId":156278925,"currentRatchet":{"ephemeralKeyPair":{"pubKey":"BR6e8SZkdJvlZb6o5ng8x98m74+7++0V5w23JYVMjNEa","privKey":"qCICQrXI4ydbm/JIbA24EU1f73U/5iIaMXJRrB6HuWY="},"lastRemoteEphemeralKey":"BV7F9VkBFPGcL8XOCNHGYwf5mUiEo5sRFH9tZng4rU0j","previousCounter":0,"rootKey":"AtZr82f55yDRtHi/yKwmnBz//4U5AByBTdlX06MY8tA="},"indexInfo":{"baseKey":"BZOS74VJ0n6nr/UkoevdMzulqEWaNsLgGeOh0B/iK3Vm","baseKeyType":1,"closed":-1,"used":1721227117471,"created":1721227117471,"remoteIdentityKey":"BWBJFE9CWVQp9VW0pArEqOcfTdToOveAIIOEb2FAQCpI"},"_chains":{"BR6e8SZkdJvlZb6o5ng8x98m74+7++0V5w23JYVMjNEa":{"chainKey":{"counter":0,"key":"9TwOCLUta1EClvEL4Vu0UjZu5lUKBCbTMU6QSumqLjo="},"chainType":1,"messageKeys":{}}},"pendingPreKey":{"signedKeyId":0,"baseKey":"BZOS74VJ0n6nr/UkoevdMzulqEWaNsLgGeOh0B/iK3Vm","preKeyId":1234041}}},"version":"v1"}