{"_sessions":{"BTN451Pn/3TQQW/Ob7cwK8mS/eOySLhoIib8pT3CAy5L":{"registrationId":1828566727,"currentRatchet":{"ephemeralKeyPair":{"pubKey":"BS/tAkf8ZrAO3jJ6QpcxR7xWLQbNKIavOKz18Qc1/j10","privKey":"0GaTiaTMjhz+4P+U0wWbn9ip5BsnvS6oqtCe/AtmfGk="},"lastRemoteEphemeralKey":"BZOuYe8E7YFQWtxI7e7QVcnEt6wOCsnfxjfhpv/GvfZW","previousCounter":0,"rootKey":"4NjuZ24psaRZPTvNakyTjmt1XLHC+4sNKuJCbSDHB1U="},"indexInfo":{"baseKey":"BTN451Pn/3TQQW/Ob7cwK8mS/eOySLhoIib8pT3CAy5L","baseKeyType":1,"closed":-1,"used":1721227117529,"created":1721227117529,"remoteIdentityKey":"BXA6zyfpN4ywwD1+m/Y0Jfr7JgGpIeBnV6qbIwgxwfYv"},"_chains":{"BS/tAkf8ZrAO3jJ6QpcxR7xWLQbNKIavOKz18Qc1/j10":{"chainKey":{"counter":0,"key":"m92m+Emr5e5wDoGsJccfvdgJuAgAk14fVjjjyB1Jzkc="},"chainType":1,"messageKeys":{}}},"pendingPreKey":{"signedKeyId":19,"baseKey":"BTN451Pn/3TQQW/Ob7cwK8mS/eOySLhoIib8pT3CAy5L"}}},"version":"v1"}