{"_sessions":{"BcEPPM+VQe6XcTj2sK25RpnTg4B0kMnr/CoC0WwCnkco":{"registrationId":103825630,"currentRatchet":{"ephemeralKeyPair":{"pubKey":"BX6OYn9dWXui5KMoIfYNLc4MaQdVgTLdo8kLy8JfytwC","privKey":"cOIN83/nKpHly5oxzNj4QZTxPKOfyz/XppoIWTCwvGs="},"lastRemoteEphemeralKey":"BcDa5uLovxdZkYA+FtVWiB6gGjUsiW2zOmrPNwdWoTch","previousCounter":0,"rootKey":"WSacoAQlw6B6RZQTJnosh1D1oCgNiWWSEi3hWcL2U8k="},"indexInfo":{"baseKey":"BcEPPM+VQe6XcTj2sK25RpnTg4B0kMnr/CoC0WwCnkco","baseKeyType":1,"closed":1721227177945,"used":1721227175566,"created":1721227175566,"remoteIdentityKey":"BQmUNXMtYM7qiJnQeuQ7ZuXdoBQjeFYyUnl8e6EZr8gB"},"_chains":{"BX6OYn9dWXui5KMoIfYNLc4MaQdVgTLdo8kLy8JfytwC":{"chainKey":{"counter":-1,"key":"hfnu7NhYzQbQo7TI0bDDdPFzLNqapA+v+8PZrYAxnXM="},"chainType":1,"messageKeys":{}}},"pendingPreKey":{"signedKeyId":10,"baseKey":"BcEPPM+VQe6XcTj2sK25RpnTg4B0kMnr/CoC0WwCnkco","preKeyId":6777563}},"BRujkmvh5pZFUKpX36Rd2SsLDRTiJcTUuzQ+en5HHtZJ":{"registrationId":103825630,"currentRatchet":{"ephemeralKeyPair":{"pubKey":"BRkegdefvcQmUv6K8rUpMNM58Uii7vrK0r1lSU5nw9hm","privKey":"0NGD5ahBhqwZnOFaSVHiY8k7U65CG8cjzfcRt1crYnA="},"lastRemoteEphemeralKey":"BcDa5uLovxdZkYA+FtVWiB6gGjUsiW2zOmrPNwdWoTch","previousCounter":0,"rootKey":"1o2qp+hITxwfXGhnm7pNFGyLs19CTRFXagUyWcVNgx4="},"indexInfo":{"baseKey":"BRujkmvh5pZFUKpX36Rd2SsLDRTiJcTUuzQ+en5HHtZJ","baseKeyType":1,"closed":-1,"used":1721227177943,"created":1721227177943,"remoteIdentityKey":"BQmUNXMtYM7qiJnQeuQ7ZuXdoBQjeFYyUnl8e6EZr8gB"},"_chains":{"BRkegdefvcQmUv6K8rUpMNM58Uii7vrK0r1lSU5nw9hm":{"chainKey":{"counter":1,"key":"adckvLKhsdBdAvIrzJj62BhyJXNQhj66jF0ercQ/wAY="},"chainType":1,"messageKeys":{}}},"pendingPreKey":{"signedKeyId":10,"baseKey":"BRujkmvh5pZFUKpX36Rd2SsLDRTiJcTUuzQ+en5HHtZJ","preKeyId":6776843}}},"version":"v1"}