{"_sessions":{"BTMrYdmBFjuDQ3OLs4UKT7iQ6fPSRSsK3o1OE5w4KGU9":{"registrationId":82,"currentRatchet":{"ephemeralKeyPair":{"pubKey":"BZyiuiD9RSns2Fwh7wwowKDCwPvbLgrrG1JZ2YINsG5f","privKey":"KKvxffdRbqM9smXyEpBqPhPBdaRRXrLiS0tJe10V1VA="},"lastRemoteEphemeralKey":"BeuY+EUn8kYe/aEWV4Dyxe5PGreecqhRsrjwHyD5lEst","previousCounter":0,"rootKey":"6KkIFxcjpR9M2QFOev7rYJHNoCrhlazB0pNrjKKvMEo="},"indexInfo":{"baseKey":"BTMrYdmBFjuDQ3OLs4UKT7iQ6fPSRSsK3o1OE5w4KGU9","baseKeyType":1,"closed":1721227177573,"used":1721227175449,"created":1721227175449,"remoteIdentityKey":"BXUu/Vt9B58XTi0oqsneNuP4x034XqZAQCF/ZqyVP2A4"},"_chains":{"BZyiuiD9RSns2Fwh7wwowKDCwPvbLgrrG1JZ2YINsG5f":{"chainKey":{"counter":-1,"key":"apXkrvewMNGSZvnf4G22xPEdcWP7y8XiscZmzSO/Uo4="},"chainType":1,"messageKeys":{}}},"pendingPreKey":{"signedKeyId":1,"baseKey":"BTMrYdmBFjuDQ3OLs4UKT7iQ6fPSRSsK3o1OE5w4KGU9"}},"Be0u/kwFmvSez9YLproWQ6/jBw8AMGy5GieicCYmioRN":{"registrationId":82,"currentRatchet":{"ephemeralKeyPair":{"pubKey":"BZLMBg0scgZhktpBxlzMuXL/0TJ9o8v7TT9v/fPGZn0H","privKey":"OD0stgFzOsUvhu/fMpH6TZYTgOEeZc13L38bFdSKK1c="},"lastRemoteEphemeralKey":"BeuY+EUn8kYe/aEWV4Dyxe5PGreecqhRsrjwHyD5lEst","previousCounter":0,"rootKey":"jcbEMiROV9OVy9ju4j6DPAB4Yazc8/K87uJG4V6rLBg="},"indexInfo":{"baseKey":"Be0u/kwFmvSez9YLproWQ6/jBw8AMGy5GieicCYmioRN","baseKeyType":1,"closed":-1,"used":1721227177572,"created":1721227177572,"remoteIdentityKey":"BXUu/Vt9B58XTi0oqsneNuP4x034XqZAQCF/ZqyVP2A4"},"_chains":{"BZLMBg0scgZhktpBxlzMuXL/0TJ9o8v7TT9v/fPGZn0H":{"chainKey":{"counter":1,"key":"LEA+YkUprWP+PwVWlgFHCZFQ8W1r4TJ3QY1CIIV6VgQ="},"chainType":1,"messageKeys":{}}},"pendingPreKey":{"signedKeyId":1,"baseKey":"Be0u/kwFmvSez9YLproWQ6/jBw8AMGy5GieicCYmioRN"}}},"version":"v1"}