{"_sessions":{"Bb+yIDryvC3Fayj8UQk8x8RlZ4UYj1yenE51D5Ybd+8a":{"registrationId":997966756,"currentRatchet":{"ephemeralKeyPair":{"pubKey":"BYmpicQ/0CAQXf5uX+t+rTpxwU4YHx1knm2bYJLglxYt","privKey":"QNo0RYA5hGvD/+sTeVyXEqWwrYrEr+2vT2KnE7WwU2o="},"lastRemoteEphemeralKey":"BTyd1EOGT2+vPFpYbs+gUT9QMgB5Q+SVAh7mjSEAvAtP","previousCounter":0,"rootKey":"ad66x7OncSh9DeaLz0JFj/idUC+1mXR5YZ3ZHHneb60="},"indexInfo":{"baseKey":"Bb+yIDryvC3Fayj8UQk8x8RlZ4UYj1yenE51D5Ybd+8a","baseKeyType":1,"closed":1721227178590,"used":1721227175814,"created":1721227175814,"remoteIdentityKey":"BfeTjDt4i9Agsbp2jMg2HYoJLGKEq5Cq+vFVcYCJfKMu"},"_chains":{"BYmpicQ/0CAQXf5uX+t+rTpxwU4YHx1knm2bYJLglxYt":{"chainKey":{"counter":-1,"key":"Rd9jXn+4dlYlCLydWQRN/zwi577JIIl36rRKT2fEqIs="},"chainType":1,"messageKeys":{}}},"pendingPreKey":{"signedKeyId":1,"baseKey":"Bb+yIDryvC3Fayj8UQk8x8RlZ4UYj1yenE51D5Ybd+8a","preKeyId":2206400}},"Bc6ZxvrFA29Gb1+P5oaXvcm38hMR8Lg35AvsC3QSR6EP":{"registrationId":997966756,"currentRatchet":{"ephemeralKeyPair":{"pubKey":"BeR9zuFq3hjp0r/1tPfo2uNyUFADWMTKR7AexWpSpgNi","privKey":"kJFWxYBzmDmNYYC1ClwIMUbwR5v/zV4h9wvDdPbWekc="},"lastRemoteEphemeralKey":"BTyd1EOGT2+vPFpYbs+gUT9QMgB5Q+SVAh7mjSEAvAtP","previousCounter":0,"rootKey":"9lMNDxAYd8NHmLDlToNe3b6EfRflYr3IbfOPz05O0NA="},"indexInfo":{"baseKey":"Bc6ZxvrFA29Gb1+P5oaXvcm38hMR8Lg35AvsC3QSR6EP","baseKeyType":1,"closed":-1,"used":1721227178589,"created":1721227178589,"remoteIdentityKey":"BfeTjDt4i9Agsbp2jMg2HYoJLGKEq5Cq+vFVcYCJfKMu"},"_chains":{"BeR9zuFq3hjp0r/1tPfo2uNyUFADWMTKR7AexWpSpgNi":{"chainKey":{"counter":1,"key":"GBSHmciXajtt5EURgWuRUyXdeyDrIqvf0QDewj7q0tc="},"chainType":1,"messageKeys":{}}},"pendingPreKey":{"signedKeyId":1,"baseKey":"Bc6ZxvrFA29Gb1+P5oaXvcm38hMR8Lg35AvsC3QSR6EP","preKeyId":2206902}}},"version":"v1"}