{"_sessions":{"BUreUSMcoSc7lMlJwzsBaQ4j3xOsFnW0eMxCTAd68K0r":{"registrationId":8303,"currentRatchet":{"ephemeralKeyPair":{"pubKey":"BZ4aH9iu8doHmDwmEeYaRkmJ1GzXuwxh0FONz19PJRdZ","privKey":"UBZdLW+Zt56vbT4zO7MdMhvu4LcVfINQRV/UtXCa8FM="},"lastRemoteEphemeralKey":"BV2M+mK0tsdjHVlQ7sBmyh1D9vx1EiZXfYFawws9fJ8w","previousCounter":0,"rootKey":"FJyXR98P35C3t3HquLDJ6U8UWEBjhk3tWYMzGGXZk5A="},"indexInfo":{"baseKey":"BUreUSMcoSc7lMlJwzsBaQ4j3xOsFnW0eMxCTAd68K0r","baseKeyType":1,"closed":-1,"used":1721227115613,"created":1721227115613,"remoteIdentityKey":"BZfOTCCjDxX4f5spiwslr4b65pfXeGOyMv2baR8S04sW"},"_chains":{"BZ4aH9iu8doHmDwmEeYaRkmJ1GzXuwxh0FONz19PJRdZ":{"chainKey":{"counter":0,"key":"CbAE7MqOfzC7Dfac5pJxn2K/F/3UyFub1lEQKfSdk2I="},"chainType":1,"messageKeys":{}}},"pendingPreKey":{"signedKeyId":1,"baseKey":"BUreUSMcoSc7lMlJwzsBaQ4j3xOsFnW0eMxCTAd68K0r","preKeyId":1031}}},"version":"v1"}