{"_sessions":{"BYbKw626e5EcHW1v3rN5tKjpMj/rlGjeLNk62/167O9E":{"registrationId":14,"currentRatchet":{"ephemeralKeyPair":{"pubKey":"BVT53gpvhKTdBQmRfaN1KCQEGCATxBoueDc3zVcw/0VJ","privKey":"wOLKchqZMroIccwcwij2iYlEbXnMpJCr3lGw5Y+URFw="},"lastRemoteEphemeralKey":"BU5gvWyisUBiCFjGRL2cc2+cdk9Rm0J2tYI7tkq3iN01","previousCounter":0,"rootKey":"Vt+c9N057fIF+phOk0bq55tdRd6P4kTK0agj1GMu7yI="},"indexInfo":{"baseKey":"BYbKw626e5EcHW1v3rN5tKjpMj/rlGjeLNk62/167O9E","baseKeyType":1,"closed":1721227176857,"used":1721227175217,"created":1721227175217,"remoteIdentityKey":"BUb+KIQxyTmKWnaHro7W0kKwp1BBLpEQlTFaWzXEyW5U"},"_chains":{"BVT53gpvhKTdBQmRfaN1KCQEGCATxBoueDc3zVcw/0VJ":{"chainKey":{"counter":-1,"key":"DkConuWEg2avAypmYYpA21Oc1tAKUdeo8t3+TdXM61Q="},"chainType":1,"messageKeys":{}}},"pendingPreKey":{"signedKeyId":1,"baseKey":"BYbKw626e5EcHW1v3rN5tKjpMj/rlGjeLNk62/167O9E"}},"BeBDbV8SM1dNUKyERfGhIFvtn51vDi/eRjNGYgBYrCEg":{"registrationId":14,"currentRatchet":{"ephemeralKeyPair":{"pubKey":"BSV/W9cNtgu6DSwf5U38l4zf0x1hvtlueAr5Gx19IaUz","privKey":"CGx9UKhnIZw4NX48EIgaaGGkS1HLF6RC0H9wtOi60kk="},"lastRemoteEphemeralKey":"BU5gvWyisUBiCFjGRL2cc2+cdk9Rm0J2tYI7tkq3iN01","previousCounter":0,"rootKey":"1HgjqVbsbg5Ux9eOpPYn47hV5ApB7hZ+W8EtHcNIBWc="},"indexInfo":{"baseKey":"BeBDbV8SM1dNUKyERfGhIFvtn51vDi/eRjNGYgBYrCEg","baseKeyType":1,"closed":-1,"used":1721227176855,"created":1721227176855,"remoteIdentityKey":"BUb+KIQxyTmKWnaHro7W0kKwp1BBLpEQlTFaWzXEyW5U"},"_chains":{"BSV/W9cNtgu6DSwf5U38l4zf0x1hvtlueAr5Gx19IaUz":{"chainKey":{"counter":1,"key":"25wmwN267waNIBNhPuWkyqcslOk8yW9xJfu1EJO9aBc="},"chainType":1,"messageKeys":{}}},"pendingPreKey":{"signedKeyId":1,"baseKey":"BeBDbV8SM1dNUKyERfGhIFvtn51vDi/eRjNGYgBYrCEg"}}},"version":"v1"}