{"_sessions":{"BQiVBeRJU4Nsr7XzIE3Ai417Olob4KcT0I7WWgBCN8dT":{"registrationId":9637,"currentRatchet":{"ephemeralKeyPair":{"pubKey":"BVgd/TNRr7nHktNYpmtQKD1k6tKQpcHVE3zmNdr5ck5k","privKey":"aHqkHhXH0thjvjvrLVzjPt73disqq/ye4xj6n6ZjGnA="},"lastRemoteEphemeralKey":"BQ3FfOmsGXUs80ngoxgXZhG4rQGjr1Vd7ZLRtPpqCow2","previousCounter":0,"rootKey":"moRLQ+h5Jfxrzdbr7X2fbX0QAAh6yRJL9pACiLtcwEY="},"indexInfo":{"baseKey":"BQiVBeRJU4Nsr7XzIE3Ai417Olob4KcT0I7WWgBCN8dT","baseKeyType":1,"closed":-1,"used":1721227116004,"created":1721227116004,"remoteIdentityKey":"BeV/TnRV5GWW8xAe9mZSi1TAD39r0PbHorj/XX0OxxBt"},"_chains":{"BVgd/TNRr7nHktNYpmtQKD1k6tKQpcHVE3zmNdr5ck5k":{"chainKey":{"counter":0,"key":"ABsgGysUYHuDBL9ThuqP5w644mhzN7r1S4wsPbgxBeA="},"chainType":1,"messageKeys":{}}},"pendingPreKey":{"signedKeyId":1,"baseKey":"BQiVBeRJU4Nsr7XzIE3Ai417Olob4KcT0I7WWgBCN8dT"}}},"version":"v1"}