{"_sessions":{"BXu8JEpZt+8WGEZoFDMkkkgwV7LIUSHIJ6vRREqY6zds":{"registrationId":1930715593,"currentRatchet":{"ephemeralKeyPair":{"pubKey":"BdJLXmTUQmnkRPiYh9zE9oS+t/Zoef8dtqkiaitEezAu","privKey":"wAfUBcVE9KV3WSNos6TEo4SY1arYlCGEPJgAqnV2Wn4="},"lastRemoteEphemeralKey":"BenNuHQCF0/zTdJG+L8kFiugAx4N7LLDSlPIrby8zPU+","previousCounter":0,"rootKey":"J5qYYUIkYC9oE+4P3rDGeOz+0XYabHdDrK09miZumgA="},"indexInfo":{"baseKey":"BXu8JEpZt+8WGEZoFDMkkkgwV7LIUSHIJ6vRREqY6zds","baseKeyType":1,"closed":-1,"used":1721227117146,"created":1721227117146,"remoteIdentityKey":"BQ+RAqctzCY34VXrPZpNeoK4t596S9dL/Jtk+1W5ZuAl"},"_chains":{"BdJLXmTUQmnkRPiYh9zE9oS+t/Zoef8dtqkiaitEezAu":{"chainKey":{"counter":0,"key":"+h9o+q7GP1rSmkgqsaq+EdysRJhUJtqo6puROS4QOZs="},"chainType":1,"messageKeys":{}}},"pendingPreKey":{"signedKeyId":0,"baseKey":"BXu8JEpZt+8WGEZoFDMkkkgwV7LIUSHIJ6vRREqY6zds","preKeyId":15465220}}},"version":"v1"}