{"_sessions":{"BbJcAMAhG+ANRN2IeqNQgpX0I9ZD5Q+Jkr0gHYUBIC9a":{"registrationId":102891661,"currentRatchet":{"ephemeralKeyPair":{"pubKey":"BaFcmXfkZA0VsPfNt5VVKZC269m0ENTEpigidMNHGZgl","privKey":"iLtykHZQAVIuuvXmWGUseFBXNkfXAFDNw5QtWjqH+F8="},"lastRemoteEphemeralKey":"BdFSfhgwdcKJe/+26Ok4ZFtCOe1POEAVjBw788xlBOcp","previousCounter":0,"rootKey":"s2oT/KWNAKADlmu2agKjc1w97Y5NjfFPbJZyBY6rxWY="},"indexInfo":{"baseKey":"BbJcAMAhG+ANRN2IeqNQgpX0I9ZD5Q+Jkr0gHYUBIC9a","baseKeyType":1,"closed":-1,"used":1721227116950,"created":1721227116950,"remoteIdentityKey":"BTyGS09CZaryp2qdQr+t91nreOFQ1rkpIo6aVnxr/fA3"},"_chains":{"BaFcmXfkZA0VsPfNt5VVKZC269m0ENTEpigidMNHGZgl":{"chainKey":{"counter":0,"key":"sXgnpm3UBdR/mZs6i6d061ZjAv2U91o1kiMgjofAZr8="},"chainType":1,"messageKeys":{}}},"pendingPreKey":{"signedKeyId":0,"baseKey":"BbJcAMAhG+ANRN2IeqNQgpX0I9ZD5Q+Jkr0gHYUBIC9a","preKeyId":14338095}}},"version":"v1"}