{"_sessions":{"BfBs9hSc1MoHdIs6igf+OxgY5LWbfYkxkg/U4eH2vJ9L":{"registrationId":554970230,"currentRatchet":{"ephemeralKeyPair":{"pubKey":"BQPIH00SepCDQzGAQOa046tXWbv2QL11NFC/UaGcqasT","privKey":"sBG/OEuq7WRSO5f5OOHrPITELadckCH2B+5mR7wP0kg="},"lastRemoteEphemeralKey":"BeiqOrHf0QCQpcy3C3w1WfNLMUSPpFl/Cf8LwZHI8O5m","previousCounter":0,"rootKey":"w+EKlAgOML2ULCpR4+YLDT65kYL+3uo1Blhr0/7T4kw="},"indexInfo":{"baseKey":"BfBs9hSc1MoHdIs6igf+OxgY5LWbfYkxkg/U4eH2vJ9L","baseKeyType":1,"closed":-1,"used":1721227117525,"created":1721227117525,"remoteIdentityKey":"BY30iHfWlF5nvIpthE3FRcbK2Si8KvSuLgGcC9MHolFY"},"_chains":{"BQPIH00SepCDQzGAQOa046tXWbv2QL11NFC/UaGcqasT":{"chainKey":{"counter":0,"key":"EUvbBezB2nikJo8GDzavSaxAUnwmvNV27JT5bdXRD8Q="},"chainType":1,"messageKeys":{}}},"pendingPreKey":{"signedKeyId":10,"baseKey":"BfBs9hSc1MoHdIs6igf+OxgY5LWbfYkxkg/U4eH2vJ9L","preKeyId":12817749}}},"version":"v1"}