{"_sessions":{"Be0eeBtpUNRFkxNjg0qoJ8P0v55Ne3heJkTMoN4iU7dk":{"registrationId":697822375,"currentRatchet":{"ephemeralKeyPair":{"pubKey":"Bei099rlUqXOtB9ePYb1Rtnyq3eYlQ6w1qVgDq04yT4i","privKey":"yGeblPeNY2WaPei+/1qLqfsR0V2SjQFDxjYwk8fp81Y="},"lastRemoteEphemeralKey":"BY4Gkl+ZAikePRS5LnJ2GlK97M/7Dn/+HHNuDQYLwQhS","previousCounter":0,"rootKey":"vgrNDKfg2gnWWuXFP1heUenfuK96uFWVqvae+Tkj8Uk="},"indexInfo":{"baseKey":"Be0eeBtpUNRFkxNjg0qoJ8P0v55Ne3heJkTMoN4iU7dk","baseKeyType":1,"closed":-1,"used":1721227117332,"created":1721227117332,"remoteIdentityKey":"BRQRU2Ibv520perFjZsb4cdYjU/8LnwPLR1TZFeUGJt1"},"_chains":{"Bei099rlUqXOtB9ePYb1Rtnyq3eYlQ6w1qVgDq04yT4i":{"chainKey":{"counter":0,"key":"2bI60+ftk+hJoDbliOkaTWnymNdlmhbIMeqqx25OmEM="},"chainType":1,"messageKeys":{}}},"pendingPreKey":{"signedKeyId":1,"baseKey":"Be0eeBtpUNRFkxNjg0qoJ8P0v55Ne3heJkTMoN4iU7dk"}}},"version":"v1"}