{"_sessions":{"BV6cKpZcCC7EwQ/sg79PnG/+8hcMjxCL4ZS4Ujo+drkd":{"registrationId":356575834,"currentRatchet":{"ephemeralKeyPair":{"pubKey":"BSa9PYerMpBuaxoD+GpKGYljMOJoOy1XUIZoaYAnnQx4","privKey":"oGwvxlAykP1+r1HwsEi6wFeAcv8iO097Xqv+QeRHZlg="},"lastRemoteEphemeralKey":"BXXedbnE1tHT7onpR2uKXctdh6Pr/pbOklGq5p1GG28X","previousCounter":0,"rootKey":"Ca6EhmDzBFCbQsh7xUwAVmQ9AE9eAAhN1em6Hzu07yI="},"indexInfo":{"baseKey":"BV6cKpZcCC7EwQ/sg79PnG/+8hcMjxCL4ZS4Ujo+drkd","baseKeyType":1,"closed":-1,"used":1721227117113,"created":1721227117113,"remoteIdentityKey":"BSG84kSEdBxq8FwVglbvTw2eGmrMtpdzvTlDQ4pzkQFE"},"_chains":{"BSa9PYerMpBuaxoD+GpKGYljMOJoOy1XUIZoaYAnnQx4":{"chainKey":{"counter":0,"key":"OLp26hJvm79F8loxoMpcxvehtuTpyr89VdEllqNn0xk="},"chainType":1,"messageKeys":{}}},"pendingPreKey":{"signedKeyId":2,"baseKey":"BV6cKpZcCC7EwQ/sg79PnG/+8hcMjxCL4ZS4Ujo+drkd"}}},"version":"v1"}